Timestamp,Channel,Message
2019-04-06 07:46:36,/SmartHome/zigbee2mqtt/bridge/state,online
2019-04-06 07:46:36,/SmartHome/zigbee2mqtt/bridge/config,|{"log_level":"info","permit_join":true}|
2019-04-06 07:46:38,/SmartHome/zigbee2mqtt/0x00178801043e07fb/get,
2019-04-06 07:46:39,/SmartHome/zigbee2mqtt/0x00178801043e07fb,|{"state":"ON","linkquality":0,"brightness":254,"color":{"x":0.457,"y":0.41,"saturation":55.1,"hue":46.2},"color_temp":366,"color_mode":2}|
2019-04-06 07:55:28,/SmartHome/zigbee2mqtt/bridge/state,online
2019-04-06 07:55:28,/SmartHome/zigbee2mqtt/bridge/config,|{"log_level":"info","permit_join":true}|
2019-04-06 07:58:01,SmartHome/zigbee2mqtt/bridge/state,offline
2019-04-06 07:58:01,SmartHome/zigbee2mqtt/bridge/config,|{"log_level":"info","permit_join":true}|
2019-04-06 07:59:17,SmartHome/zigbee2mqtt/bridge/state,offline
2019-04-06 07:59:17,SmartHome/zigbee2mqtt/bridge/config,|{"log_level":"info","permit_join":true}|
2019-04-06 07:59:19,SmartHome/zigbee2mqtt/bridge/config/permit_join,true
2019-04-06 08:00:33,SmartHome/zigbee2mqtt/bridge/state,online
2019-04-06 08:00:33,SmartHome/zigbee2mqtt/0x00178801043e07fb,|{"state":"ON","linkquality":0,"brightness":254,"color":{"x":0.457,"y":0.41,"saturation":55.1,"hue":46.2},"color_temp":366,"color_mode":2}|
2019-04-06 08:00:33,SmartHome/zigbee2mqtt/0x00178801040c9476,|{"state":"ON","linkquality":34,"color":{"x":0.457,"y":0.41,"saturation":55.1},"color_temp":366,"color_mode":2}|
2019-04-06 08:00:33,SmartHome/zigbee2mqtt/bridge/config,|{"log_level":"info","permit_join":true}|
2019-04-06 08:00:35,SmartHome/zigbee2mqtt/bridge/config/permit_join,true
2019-04-06 08:00:35,SmartHome/zigbee2mqtt/bridge/config,|{"log_level":"info","permit_join":true}|
2019-04-06 08:02:21,SmartHome/zigbee2mqtt/bridge/config/permit_join,true
2019-04-06 08:02:21,SmartHome/zigbee2mqtt/bridge/config,|{"log_level":"info","permit_join":true}|
2019-04-06 08:02:56,SmartHome/zigbee2mqtt/bridge/config/permit_join,true
2019-04-06 08:02:56,SmartHome/zigbee2mqtt/bridge/config,|{"log_level":"info","permit_join":true}|
2019-04-06 08:03:00,SmartHome/zigbee2mqtt/bridge/config/permit_join,true
2019-04-06 08:03:00,SmartHome/zigbee2mqtt/bridge/config,|{"log_level":"info","permit_join":true}|
2019-04-06 08:03:03,SmartHome/zigbee2mqtt/bridge/config/permit_join,false
2019-04-06 08:03:04,SmartHome/zigbee2mqtt/bridge/config,|{"log_level":"info","permit_join":false}|
2019-04-06 08:03:11,SmartHome/zigbee2mqtt/bridge/config/permit_join,false
2019-04-06 08:03:11,SmartHome/zigbee2mqtt/bridge/config,|{"log_level":"info","permit_join":false}|
2019-04-06 08:03:12,SmartHome/zigbee2mqtt/bridge/config/permit_join,false
2019-04-06 08:03:12,SmartHome/zigbee2mqtt/bridge/config,|{"log_level":"info","permit_join":false}|
2019-04-06 08:03:34,SmartHome/zigbee2mqtt/bridge/config/permit_join,true
2019-04-06 08:03:34,SmartHome/zigbee2mqtt/bridge/config,|{"log_level":"info","permit_join":true}|
2019-04-06 08:03:59,SmartHome/zigbee2mqtt/bridge/state,online
2019-04-06 08:03:59,SmartHome/zigbee2mqtt/bridge/config,|{"log_level":"info","permit_join":true}|
2019-04-06 08:04:01,SmartHome/zigbee2mqtt/bridge/config/permit_join,false
2019-04-06 08:04:01,SmartHome/zigbee2mqtt/bridge/config,|{"log_level":"info","permit_join":false}|
2019-04-06 08:04:12,SmartHome/zigbee2mqtt/bridge/config/permit_join,true
2019-04-06 08:04:12,SmartHome/zigbee2mqtt/bridge/config,|{"log_level":"info","permit_join":true}|
2019-04-06 08:04:35,SmartHome/zigbee2mqtt/bridge/state,online
2019-04-06 08:04:35,SmartHome/zigbee2mqtt/bridge/config,|{"log_level":"info","permit_join":true}|
2019-04-06 08:04:40,SmartHome/zigbee2mqtt/bridge/config/permit_join,false
2019-04-06 08:04:40,SmartHome/zigbee2mqtt/bridge/config,|{"log_level":"info","permit_join":false}|
2019-04-06 08:09:36,SmartHome/zigbee2mqtt/bridge/state,online
2019-04-06 08:09:36,SmartHome/zigbee2mqtt/bridge/config,|{"log_level":"info","permit_join":false}|
2019-04-06 08:10:55,SmartHome/zigbee2mqtt/bridge/state,online
2019-04-06 08:10:55,SmartHome/zigbee2mqtt/bridge/config,|{"log_level":"info","permit_join":false}|
2019-04-06 08:10:55,SmartHome/zigbee2mqtt/bridge/config,|{"log_level":"info","permit_join":false}|
2019-04-06 08:11:38,SmartHome/zigbee2mqtt/bridge/config/permit_join,true
2019-04-06 08:11:38,SmartHome/zigbee2mqtt/bridge/config,|{"log_level":"info","permit_join":true}|
2019-04-06 08:11:48,SmartHome/zigbee2mqtt/bridge/state,online
2019-04-06 08:11:48,SmartHome/zigbee2mqtt/bridge/config,|{"log_level":"info","permit_join":true}|
2019-04-06 08:23:41,SmartHome/zigbee2mqtt/bridge/state,online
2019-04-06 08:23:41,SmartHome/zigbee2mqtt/bridge/config,|{"log_level":"info","permit_join":true}|
2019-04-06 08:24:34,SmartHome/zigbee2mqtt/bridge/state,online
2019-04-06 08:24:34,SmartHome/zigbee2mqtt/bridge/config,|{"log_level":"info","permit_join":true}|
2019-04-06 08:24:38,SmartHome/zigbee2mqtt/bridge/config/permit_join,true
2019-04-06 08:24:38,SmartHome/zigbee2mqtt/bridge/config,|{"log_level":"info","permit_join":true}|
2019-04-06 08:24:42,SmartHome/zigbee2mqtt/bridge/config/permit_join,false
2019-04-06 08:24:42,SmartHome/zigbee2mqtt/bridge/config,|{"log_level":"info","permit_join":false}|
2019-04-06 08:29:20,SmartHome/zigbee2mqtt/bridge/state,online
2019-04-06 08:29:20,SmartHome/zigbee2mqtt/bridge/config,|{"log_level":"info","permit_join":false}|
2019-04-06 08:32:55,SmartHome/zigbee2mqtt/bridge/state,online
2019-04-06 08:32:55,SmartHome/zigbee2mqtt/bridge/config,|{"log_level":"info","permit_join":false}|
2019-04-06 08:32:58,SmartHome/zigbee2mqtt/bridge/config/permit_join,false
2019-04-06 08:32:58,SmartHome/zigbee2mqtt/bridge/config,|{"log_level":"info","permit_join":false}|
2019-04-06 08:38:55,SmartHome/zigbee2mqtt/bridge/state,online
2019-04-06 08:38:55,SmartHome/zigbee2mqtt/bridge/config,|{"log_level":"info","permit_join":false}|
2019-04-06 08:38:58,SmartHome/zigbee2mqtt/bridge/config/permit_join,false
2019-04-06 08:38:58,SmartHome/zigbee2mqtt/bridge/config,|{"log_level":"info","permit_join":false}|
2019-04-06 08:40:05,SmartHome/zigbee2mqtt/bridge/state,online
2019-04-06 08:40:05,SmartHome/zigbee2mqtt/bridge/config,|{"log_level":"info","permit_join":false}|
2019-04-06 08:40:06,SmartHome/zigbee2mqtt/bridge/config/permit_join,false
2019-04-06 08:40:06,SmartHome/zigbee2mqtt/bridge/config,|{"log_level":"info","permit_join":false}|
2019-04-06 08:41:54,SmartHome/zigbee2mqtt/bridge/state,online
2019-04-06 08:41:54,SmartHome/zigbee2mqtt/bridge/config,|{"log_level":"info","permit_join":false}|
2019-04-06 08:41:57,SmartHome/zigbee2mqtt/bridge/config/permit_join,false
2019-04-06 08:41:57,SmartHome/zigbee2mqtt/bridge/config,|{"log_level":"info","permit_join":false}|
2019-04-06 08:43:14,SmartHome/zigbee2mqtt/bridge/state,online
2019-04-06 08:43:14,SmartHome/zigbee2mqtt/bridge/config,|{"log_level":"info","permit_join":false}|
2019-04-06 08:43:18,SmartHome/zigbee2mqtt/bridge/config/permit_join,false
2019-04-06 08:43:18,SmartHome/zigbee2mqtt/bridge/config,|{"log_level":"info","permit_join":false}|
2019-04-06 08:43:45,SmartHome/zigbee2mqtt/bridge/state,online
2019-04-06 08:43:45,SmartHome/zigbee2mqtt/bridge/config,|{"log_level":"info","permit_join":false}|
2019-04-06 08:43:45,SmartHome/zigbee2mqtt/bridge/config,|{"log_level":"info","permit_join":false}|
2019-04-06 08:43:46,SmartHome/zigbee2mqtt/bridge/config/permit_join,false
2019-04-06 08:43:46,SmartHome/zigbee2mqtt/bridge/config,|{"log_level":"info","permit_join":false}|
2019-04-06 08:44:52,SmartHome/zigbee2mqtt/bridge/state,online
2019-04-06 08:44:52,SmartHome/zigbee2mqtt/bridge/config,|{"log_level":"info","permit_join":false}|
2019-04-06 08:44:54,SmartHome/zigbee2mqtt/bridge/config/permit_join,false
2019-04-06 08:44:54,SmartHome/zigbee2mqtt/bridge/config,|{"log_level":"info","permit_join":false}|
2019-04-06 08:45:27,SmartHome/zigbee2mqtt/bridge/state,online
2019-04-06 08:45:27,SmartHome/zigbee2mqtt/bridge/config,|{"log_level":"info","permit_join":false}|
2019-04-06 08:45:31,SmartHome/zigbee2mqtt/bridge/config/permit_join,false
2019-04-06 08:45:31,SmartHome/zigbee2mqtt/bridge/config,|{"log_level":"info","permit_join":false}|
2019-04-06 08:46:38,SmartHome/zigbee2mqtt/bridge/state,online
2019-04-06 08:46:38,SmartHome/zigbee2mqtt/bridge/config,|{"log_level":"info","permit_join":false}|
2019-04-06 08:46:40,SmartHome/zigbee2mqtt/bridge/config/permit_join,false
2019-04-06 08:46:40,SmartHome/zigbee2mqtt/bridge/config,|{"log_level":"info","permit_join":false}|
2019-04-06 08:54:39.037694,SmartHome/zigbee2mqtt/bridge/state,online
2019-04-06 08:54:39.039607,SmartHome/zigbee2mqtt/bridge/config,|{"log_level":"info","permit_join":false}|
2019-04-06 08:54:42.415692,SmartHome/zigbee2mqtt/bridge/config/permit_join,false
2019-04-06 08:54:42.482133,SmartHome/zigbee2mqtt/bridge/config,|{"log_level":"info","permit_join":false}|
2019-04-06 08:55:54.280213,SmartHome/zigbee2mqtt/bridge/state,online
2019-04-06 08:55:54.318302,SmartHome/zigbee2mqtt/bridge/config,|{"log_level":"info","permit_join":false}|
2019-04-06 08:55:55.970125,SmartHome/zigbee2mqtt/bridge/config/permit_join,false
2019-04-06 08:55:55.996938,SmartHome/zigbee2mqtt/bridge/config,|{"log_level":"info","permit_join":false}|
2019-04-06 08:57:37.689599,SmartHome/zigbee2mqtt/bridge/state,online
2019-04-06 08:57:37.723103,SmartHome/zigbee2mqtt/bridge/config,|{"log_level":"info","permit_join":false}|
2019-04-06 08:57:39.024592,SmartHome/zigbee2mqtt/bridge/config/permit_join,false
2019-04-06 08:57:39.064537,SmartHome/zigbee2mqtt/bridge/config,|{"log_level":"info","permit_join":false}|
2019-04-06 09:03:42,SmartHome/zigbee2mqtt/bridge/state,online
2019-04-06 09:03:42,SmartHome/zigbee2mqtt/bridge/config,|{"log_level":"info","permit_join":false}|
2019-04-06 09:03:44,SmartHome/zigbee2mqtt/bridge/config/permit_join,false
2019-04-06 09:03:44,SmartHome/zigbee2mqtt/bridge/config,|{"log_level":"info","permit_join":false}|
2019-04-06 09:05:05,SmartHome/zigbee2mqtt/bridge/state,online
2019-04-06 09:05:05,SmartHome/zigbee2mqtt/bridge/config,|{"log_level":"info","permit_join":false}|
2019-04-06 09:05:05,SmartHome/zigbee2mqtt/bridge/config,|{"log_level":"info","permit_join":false}|
2019-04-06 09:05:08,SmartHome/zigbee2mqtt/bridge/config/permit_join,false
2019-04-06 09:05:08,SmartHome/zigbee2mqtt/bridge/config,|{"log_level":"info","permit_join":false}|
2019-04-06 09:05:33,SmartHome/zigbee2mqtt/bridge/state,online
2019-04-06 09:05:33,SmartHome/zigbee2mqtt/bridge/config,|{"log_level":"info","permit_join":false}|
2019-04-06 09:05:35,SmartHome/zigbee2mqtt/bridge/config/permit_join,false
2019-04-06 09:05:35,SmartHome/zigbee2mqtt/bridge/config,|{"log_level":"info","permit_join":false}|
2019-04-06 09:07:28,SmartHome/zigbee2mqtt/bridge/state,online
2019-04-06 09:07:28,SmartHome/zigbee2mqtt/bridge/config,|{"log_level":"info","permit_join":false}|
2019-04-06 09:07:28,SmartHome/zigbee2mqtt/bridge/config,|{"log_level":"info","permit_join":false}|
2019-04-06 09:07:29,SmartHome/zigbee2mqtt/bridge/config/permit_join,false
2019-04-06 09:07:29,SmartHome/zigbee2mqtt/bridge/config,|{"log_level":"info","permit_join":false}|
2019-04-06 09:15:58,SmartHome/zigbee2mqtt/bridge/state,online
2019-04-06 09:15:58,SmartHome/zigbee2mqtt/bridge/config,|{"log_level":"info","permit_join":false}|
2019-04-06 09:16:00,SmartHome/zigbee2mqtt/bridge/config/permit_join,false
2019-04-06 09:16:00,SmartHome/zigbee2mqtt/bridge/config,|{"log_level":"info","permit_join":false}|
2019-04-06 09:17:18,SmartHome/zigbee2mqtt/bridge/state,online
2019-04-06 09:17:18,SmartHome/zigbee2mqtt/bridge/config,|{"log_level":"info","permit_join":false}|
2019-04-06 09:17:20,SmartHome/zigbee2mqtt/bridge/config/permit_join,false
2019-04-06 09:17:20,SmartHome/zigbee2mqtt/bridge/config,|{"log_level":"info","permit_join":false}|
2019-04-06 09:18:17,SmartHome/zigbee2mqtt/bridge/state,online
2019-04-06 09:18:17,SmartHome/zigbee2mqtt/bridge/config,|{"log_level":"info","permit_join":false}|
2019-04-06 09:18:17,SmartHome/zigbee2mqtt/bridge/config,|{"log_level":"info","permit_join":false}|
2019-04-06 09:18:19,SmartHome/zigbee2mqtt/bridge/config/permit_join,false
2019-04-06 09:18:19,SmartHome/zigbee2mqtt/bridge/config,|{"log_level":"info","permit_join":false}|
2019-04-06 09:19:17,SmartHome/zigbee2mqtt/bridge/state,online
2019-04-06 09:19:18,SmartHome/zigbee2mqtt/bridge/config,|{"log_level":"info","permit_join":false}|
2019-04-06 09:19:18,SmartHome/zigbee2mqtt/bridge/config/permit_join,false
2019-04-06 09:19:18,SmartHome/zigbee2mqtt/bridge/config,|{"log_level":"info","permit_join":false}|
2019-04-06 09:20:49,SmartHome/zigbee2mqtt/bridge/state,online
2019-04-06 09:20:49,SmartHome/zigbee2mqtt/bridge/config,|{"log_level":"info","permit_join":false}|
2019-04-06 09:20:52,SmartHome/zigbee2mqtt/bridge/config/permit_join,false
2019-04-06 09:20:52,SmartHome/zigbee2mqtt/bridge/config,|{"log_level":"info","permit_join":false}|
2019-04-06 09:21:29,SmartHome/zigbee2mqtt/bridge/state,online
2019-04-06 09:21:29,SmartHome/zigbee2mqtt/bridge/config,|{"log_level":"info","permit_join":false}|
2019-04-06 09:21:30,SmartHome/zigbee2mqtt/bridge/config/permit_join,false
2019-04-06 09:21:30,SmartHome/zigbee2mqtt/bridge/config,|{"log_level":"info","permit_join":false}|
2019-04-06 09:22:20,SmartHome/zigbee2mqtt/bridge/state,online
2019-04-06 09:22:20,SmartHome/zigbee2mqtt/bridge/config,|{"log_level":"info","permit_join":false}|
2019-04-06 09:22:21,SmartHome/zigbee2mqtt/bridge/config/permit_join,false
2019-04-06 09:22:21,SmartHome/zigbee2mqtt/bridge/config,|{"log_level":"info","permit_join":false}|
2019-04-06 09:24:14,SmartHome/zigbee2mqtt/bridge/state,online
2019-04-06 09:24:14,SmartHome/zigbee2mqtt/bridge/config,|{"log_level":"info","permit_join":false}|
2019-04-06 09:24:15,SmartHome/zigbee2mqtt/bridge/config/permit_join,false
2019-04-06 09:24:15,SmartHome/zigbee2mqtt/bridge/config,|{"log_level":"info","permit_join":false}|
2019-04-06 09:25:14,SmartHome/zigbee2mqtt/bridge/state,online
2019-04-06 09:25:14,SmartHome/zigbee2mqtt/bridge/config,|{"log_level":"info","permit_join":false}|
2019-04-06 09:25:15,SmartHome/zigbee2mqtt/bridge/config/permit_join,false
2019-04-06 09:25:15,SmartHome/zigbee2mqtt/bridge/config,|{"log_level":"info","permit_join":false}|
2019-04-06 09:26:00,SmartHome/zigbee2mqtt/bridge/state,online
2019-04-06 09:26:00,SmartHome/zigbee2mqtt/bridge/config,|{"log_level":"info","permit_join":false}|
2019-04-06 09:26:00,SmartHome/zigbee2mqtt/bridge/config,|{"log_level":"info","permit_join":false}|
2019-04-06 09:26:01,SmartHome/zigbee2mqtt/bridge/config/permit_join,false
2019-04-06 09:26:01,SmartHome/zigbee2mqtt/bridge/config,|{"log_level":"info","permit_join":false}|
2019-04-06 09:27:13,SmartHome/zigbee2mqtt/bridge/state,online
2019-04-06 09:27:14,SmartHome/zigbee2mqtt/bridge/config,|{"log_level":"info","permit_join":false}|
2019-04-06 09:27:16,SmartHome/zigbee2mqtt/bridge/config/permit_join,false
2019-04-06 09:27:16,SmartHome/zigbee2mqtt/bridge/config,|{"log_level":"info","permit_join":false}|
2019-04-06 09:27:45,SmartHome/zigbee2mqtt/bridge/state,online
2019-04-06 09:27:45,SmartHome/zigbee2mqtt/bridge/config,|{"log_level":"info","permit_join":false}|
2019-04-06 09:27:49,SmartHome/zigbee2mqtt/bridge/config/permit_join,false
2019-04-06 09:27:49,SmartHome/zigbee2mqtt/bridge/config,|{"log_level":"info","permit_join":false}|
2019-04-06 09:28:33,SmartHome/zigbee2mqtt/bridge/state,online
2019-04-06 09:28:33,SmartHome/zigbee2mqtt/bridge/config,|{"log_level":"info","permit_join":false}|
2019-04-06 09:28:35,SmartHome/zigbee2mqtt/bridge/config/permit_join,false
2019-04-06 09:28:35,SmartHome/zigbee2mqtt/bridge/config,|{"log_level":"info","permit_join":false}|
2019-04-06 09:29:29,SmartHome/zigbee2mqtt/bridge/state,online
2019-04-06 09:29:29,SmartHome/zigbee2mqtt/bridge/config,|{"log_level":"info","permit_join":false}|
2019-04-06 09:29:29,SmartHome/zigbee2mqtt/bridge/config,|{"log_level":"info","permit_join":false}|
2019-04-06 09:29:30,SmartHome/zigbee2mqtt/bridge/config/permit_join,false
2019-04-06 09:29:31,SmartHome/zigbee2mqtt/bridge/config,|{"log_level":"info","permit_join":false}|
2019-04-06 09:29:53,SmartHome/zigbee2mqtt/bridge/state,online
2019-04-06 09:29:53,SmartHome/zigbee2mqtt/bridge/config,|{"log_level":"info","permit_join":false}|
2019-04-06 09:29:54,SmartHome/zigbee2mqtt/bridge/config/permit_join,false
2019-04-06 09:29:55,SmartHome/zigbee2mqtt/bridge/config,|{"log_level":"info","permit_join":false}|
2019-04-06 09:30:30,SmartHome/zigbee2mqtt/bridge/state,online
2019-04-06 09:30:30,SmartHome/zigbee2mqtt/bridge/config,|{"log_level":"info","permit_join":false}|
2019-04-06 09:30:31,SmartHome/zigbee2mqtt/bridge/config/permit_join,false
2019-04-06 09:30:31,SmartHome/zigbee2mqtt/bridge/config,|{"log_level":"info","permit_join":false}|
2019-04-06 09:31:12,SmartHome/zigbee2mqtt/bridge/state,online
2019-04-06 09:31:12,SmartHome/zigbee2mqtt/bridge/config,|{"log_level":"info","permit_join":false}|
2019-04-06 09:31:13,SmartHome/zigbee2mqtt/bridge/config/permit_join,false
2019-04-06 09:31:13,SmartHome/zigbee2mqtt/bridge/config,|{"log_level":"info","permit_join":false}|
2019-04-06 09:36:29,SmartHome/zigbee2mqtt/bridge/state,online
2019-04-06 09:36:29,SmartHome/zigbee2mqtt/bridge/config,|{"log_level":"info","permit_join":false}|
2019-04-06 09:36:31,SmartHome/zigbee2mqtt/bridge/config/permit_join,false
2019-04-06 09:36:31,SmartHome/zigbee2mqtt/bridge/config,|{"log_level":"info","permit_join":false}|
2019-04-06 09:36:50,SmartHome/zigbee2mqtt/bridge/state,online
2019-04-06 09:36:50,SmartHome/zigbee2mqtt/bridge/config,|{"log_level":"info","permit_join":false}|
2019-04-06 09:36:51,SmartHome/zigbee2mqtt/bridge/config/permit_join,false
2019-04-06 09:36:51,SmartHome/zigbee2mqtt/bridge/config,|{"log_level":"info","permit_join":false}|
2019-04-06 09:37:15,SmartHome/zigbee2mqtt/bridge/state,online
2019-04-06 09:37:15,SmartHome/zigbee2mqtt/bridge/config,|{"log_level":"info","permit_join":false}|
2019-04-06 09:37:16,SmartHome/zigbee2mqtt/bridge/config/permit_join,false
2019-04-06 09:37:16,SmartHome/zigbee2mqtt/bridge/config,|{"log_level":"info","permit_join":false}|
2019-04-06 09:38:05,SmartHome/zigbee2mqtt/bridge/state,online
2019-04-06 09:38:05,SmartHome/zigbee2mqtt/bridge/config,|{"log_level":"info","permit_join":false}|
2019-04-06 09:38:06,SmartHome/zigbee2mqtt/bridge/config/permit_join,false
2019-04-06 09:38:06,SmartHome/zigbee2mqtt/bridge/config,|{"log_level":"info","permit_join":false}|
2019-04-06 09:43:41,SmartHome/zigbee2mqtt/bridge/state,online
2019-04-06 09:43:41,SmartHome/zigbee2mqtt/bridge/config,|{"log_level":"info","permit_join":false}|
2019-04-06 09:43:42,SmartHome/zigbee2mqtt/bridge/config/permit_join,false
2019-04-06 09:43:42,SmartHome/zigbee2mqtt/bridge/config,|{"log_level":"info","permit_join":false}|
2019-04-06 09:44:04,SmartHome/zigbee2mqtt/bridge/state,online
2019-04-06 09:44:04,SmartHome/zigbee2mqtt/bridge/config,|{"log_level":"info","permit_join":false}|
2019-04-06 09:44:04,SmartHome/zigbee2mqtt/bridge/config,|{"log_level":"info","permit_join":false}|
2019-04-06 09:44:04,SmartHome/zigbee2mqtt/bridge/config/permit_join,false
2019-04-06 09:44:04,SmartHome/zigbee2mqtt/bridge/config,|{"log_level":"info","permit_join":false}|
2019-04-06 09:45:14,SmartHome/zigbee2mqtt/bridge/state,online
2019-04-06 09:45:15,SmartHome/zigbee2mqtt/bridge/config,|{"log_level":"info","permit_join":false}|
2019-04-06 09:45:16,SmartHome/zigbee2mqtt/bridge/config/permit_join,false
2019-04-06 09:45:16,SmartHome/zigbee2mqtt/bridge/config,|{"log_level":"info","permit_join":false}|
2019-04-06 09:45:33,SmartHome/zigbee2mqtt/bridge/config/permit_join,false
2019-04-06 09:45:33,SmartHome/zigbee2mqtt/bridge/config,|{"log_level":"info","permit_join":false}|
2019-04-06 09:54:48,SmartHome/zigbee2mqtt/bridge/state,online
2019-04-06 09:54:48,SmartHome/zigbee2mqtt/bridge/config,|{"log_level":"info","permit_join":false}|
2019-04-06 09:54:48,SmartHome/zigbee2mqtt/bridge/config/permit_join,true
2019-04-06 09:54:48,SmartHome/zigbee2mqtt/bridge/config,|{"log_level":"info","permit_join":true}|
2019-04-06 09:54:54,SmartHome/zigbee2mqtt/bridge/config/permit_join,true
2019-04-06 09:54:54,SmartHome/zigbee2mqtt/bridge/config,|{"log_level":"info","permit_join":true}|
2019-04-06 09:55:06,SmartHome/zigbee2mqtt/bridge/config/permit_join,true
2019-04-06 09:55:06,SmartHome/zigbee2mqtt/bridge/config,|{"log_level":"info","permit_join":true}|
2019-04-06 09:55:52,SmartHome/zigbee2mqtt/bridge/config/permit_join,false
2019-04-06 09:55:52,SmartHome/zigbee2mqtt/bridge/config,|{"log_level":"info","permit_join":false}|
2019-04-06 09:56:05,SmartHome/zigbee2mqtt/bridge/state,online
2019-04-06 09:56:05,SmartHome/zigbee2mqtt/bridge/config,|{"log_level":"info","permit_join":false}|
2019-04-06 09:56:05,SmartHome/zigbee2mqtt/bridge/config/permit_join,false
2019-04-06 09:56:05,SmartHome/zigbee2mqtt/bridge/config,|{"log_level":"info","permit_join":false}|
2019-04-06 09:57:57,SmartHome/zigbee2mqtt/bridge/state,online
2019-04-06 09:57:57,SmartHome/zigbee2mqtt/bridge/config,|{"log_level":"info","permit_join":false}|
2019-04-06 09:57:57,SmartHome/zigbee2mqtt/bridge/config/permit_join,false
2019-04-06 09:57:57,SmartHome/zigbee2mqtt/bridge/config,|{"log_level":"info","permit_join":false}|
2019-04-06 09:59:00,SmartHome/zigbee2mqtt/bridge/state,online
2019-04-06 09:59:00,SmartHome/zigbee2mqtt/bridge/config,|{"log_level":"info","permit_join":false}|
2019-04-06 09:59:03,SmartHome/zigbee2mqtt/bridge/config/permit_join,false
2019-04-06 09:59:03,SmartHome/zigbee2mqtt/bridge/config,|{"log_level":"info","permit_join":false}|
2019-04-06 10:01:29,SmartHome/zigbee2mqtt/bridge/state,online
2019-04-06 10:01:29,SmartHome/zigbee2mqtt/bridge/config,|{"log_level":"info","permit_join":false}|
2019-04-06 10:01:29,SmartHome/zigbee2mqtt/bridge/config/permit_join,false
2019-04-06 10:01:29,SmartHome/zigbee2mqtt/bridge/config,|{"log_level":"info","permit_join":false}|
2019-04-06 10:01:38,SmartHome/zigbee2mqtt/bridge/config/permit_join,false
2019-04-06 10:01:38,SmartHome/zigbee2mqtt/bridge/config,|{"log_level":"info","permit_join":false}|
2019-04-06 10:02:22,SmartHome/zigbee2mqtt/bridge/state,online
2019-04-06 10:02:22,SmartHome/zigbee2mqtt/bridge/config,|{"log_level":"info","permit_join":false}|
2019-04-06 10:02:25,SmartHome/zigbee2mqtt/bridge/config/permit_join,false
2019-04-06 10:02:25,SmartHome/zigbee2mqtt/bridge/config,|{"log_level":"info","permit_join":false}|
2019-04-06 10:02:27,SmartHome/zigbee2mqtt/bridge/config/permit_join,false
2019-04-06 10:02:27,SmartHome/zigbee2mqtt/bridge/config,|{"log_level":"info","permit_join":false}|
2019-04-06 10:02:47,SmartHome/zigbee2mqtt/bridge/state,online
2019-04-06 10:02:47,SmartHome/zigbee2mqtt/bridge/config,|{"log_level":"info","permit_join":false}|
2019-04-06 10:02:50,SmartHome/zigbee2mqtt/bridge/config/permit_join,false
2019-04-06 10:02:50,SmartHome/zigbee2mqtt/bridge/config,|{"log_level":"info","permit_join":false}|
2019-04-06 10:02:56,SmartHome/zigbee2mqtt/bridge/config/permit_join,false
2019-04-06 10:02:56,SmartHome/zigbee2mqtt/bridge/config,|{"log_level":"info","permit_join":false}|
2019-04-06 10:04:02,SmartHome/zigbee2mqtt/bridge/config/permit_join,false
2019-04-06 10:04:02,SmartHome/zigbee2mqtt/bridge/config,|{"log_level":"info","permit_join":false}|
2019-04-06 10:05:07,SmartHome/zigbee2mqtt/bridge/state,online
2019-04-06 10:05:07,SmartHome/zigbee2mqtt/bridge/config,|{"log_level":"info","permit_join":false}|
2019-04-06 10:05:10,SmartHome/zigbee2mqtt/bridge/config/permit_join,false
2019-04-06 10:05:10,SmartHome/zigbee2mqtt/bridge/config,|{"log_level":"info","permit_join":false}|
2019-04-06 10:05:12,SmartHome/zigbee2mqtt/bridge/config/permit_join,false
2019-04-06 10:05:12,SmartHome/zigbee2mqtt/bridge/config,|{"log_level":"info","permit_join":false}|
2019-04-06 10:05:45,SmartHome/zigbee2mqtt/bridge/state,online
2019-04-06 10:05:45,SmartHome/zigbee2mqtt/bridge/config,|{"log_level":"info","permit_join":false}|
2019-04-06 10:05:48,SmartHome/zigbee2mqtt/bridge/config/permit_join,false
2019-04-06 10:05:48,SmartHome/zigbee2mqtt/bridge/config,|{"log_level":"info","permit_join":false}|
2019-04-06 10:05:49,SmartHome/zigbee2mqtt/bridge/config/permit_join,false
2019-04-06 10:05:49,SmartHome/zigbee2mqtt/bridge/config,|{"log_level":"info","permit_join":false}|
2019-04-06 10:07:14,SmartHome/zigbee2mqtt/bridge/state,online
2019-04-06 10:07:14,SmartHome/zigbee2mqtt/bridge/config,|{"log_level":"info","permit_join":false}|
2019-04-06 10:07:17,SmartHome/zigbee2mqtt/bridge/config/permit_join,false
2019-04-06 10:07:17,SmartHome/zigbee2mqtt/bridge/config,|{"log_level":"info","permit_join":false}|
2019-04-06 10:07:24,SmartHome/zigbee2mqtt/bridge/config/permit_join,false
2019-04-06 10:07:24,SmartHome/zigbee2mqtt/bridge/config,|{"log_level":"info","permit_join":false}|
2019-04-06 10:07:52,SmartHome/zigbee2mqtt/bridge/state,online
2019-04-06 10:07:52,SmartHome/zigbee2mqtt/bridge/config,|{"log_level":"info","permit_join":false}|
2019-04-06 10:07:52,SmartHome/zigbee2mqtt/bridge/config/permit_join,false
2019-04-06 10:07:52,SmartHome/zigbee2mqtt/bridge/config,|{"log_level":"info","permit_join":false}|
2019-04-06 10:07:55,SmartHome/zigbee2mqtt/bridge/config/permit_join,false
2019-04-06 10:07:55,SmartHome/zigbee2mqtt/bridge/config,|{"log_level":"info","permit_join":false}|
2019-04-06 10:07:57,SmartHome/zigbee2mqtt/bridge/config/permit_join,false
2019-04-06 10:07:57,SmartHome/zigbee2mqtt/bridge/config,|{"log_level":"info","permit_join":false}|
2019-04-06 10:07:59,SmartHome/zigbee2mqtt/bridge/config/permit_join,false
2019-04-06 10:07:59,SmartHome/zigbee2mqtt/bridge/config,|{"log_level":"info","permit_join":false}|
2019-04-06 10:08:04,SmartHome/zigbee2mqtt/bridge/config/permit_join,false
2019-04-06 10:08:04,SmartHome/zigbee2mqtt/bridge/config,|{"log_level":"info","permit_join":false}|
2019-04-06 10:09:06,SmartHome/zigbee2mqtt/bridge/state,online
2019-04-06 10:09:06,SmartHome/zigbee2mqtt/bridge/config,|{"log_level":"info","permit_join":false}|
2019-04-06 10:09:06,SmartHome/zigbee2mqtt/bridge/config/permit_join,false
2019-04-06 10:09:06,SmartHome/zigbee2mqtt/bridge/config,|{"log_level":"info","permit_join":false}|
2019-04-06 10:09:10,SmartHome/zigbee2mqtt/bridge/config/permit_join,false
2019-04-06 10:09:10,SmartHome/zigbee2mqtt/bridge/config,|{"log_level":"info","permit_join":false}|
2019-04-06 10:09:51,SmartHome/zigbee2mqtt/bridge/state,online
2019-04-06 10:09:51,SmartHome/zigbee2mqtt/bridge/config,|{"log_level":"info","permit_join":false}|
2019-04-06 10:09:51,SmartHome/zigbee2mqtt/bridge/config/permit_join,false
2019-04-06 10:09:51,SmartHome/zigbee2mqtt/bridge/config,|{"log_level":"info","permit_join":false}|
2019-04-06 10:09:54,SmartHome/zigbee2mqtt/bridge/config/permit_join,false
2019-04-06 10:09:54,SmartHome/zigbee2mqtt/bridge/config,|{"log_level":"info","permit_join":false}|
2019-04-06 10:10:18,SmartHome/zigbee2mqtt/bridge/state,online
2019-04-06 10:10:18,SmartHome/zigbee2mqtt/bridge/config,|{"log_level":"info","permit_join":false}|
2019-04-06 10:10:18,SmartHome/zigbee2mqtt/bridge/config/permit_join,false
2019-04-06 10:10:18,SmartHome/zigbee2mqtt/bridge/config,|{"log_level":"info","permit_join":false}|
2019-04-06 10:10:21,SmartHome/zigbee2mqtt/bridge/config/permit_join,false
2019-04-06 10:10:21,SmartHome/zigbee2mqtt/bridge/config,|{"log_level":"info","permit_join":false}|
2019-04-06 10:10:37,SmartHome/zigbee2mqtt/bridge/state,online
2019-04-06 10:10:37,SmartHome/zigbee2mqtt/bridge/config,|{"log_level":"info","permit_join":false}|
2019-04-06 10:10:40,SmartHome/zigbee2mqtt/bridge/config/permit_join,false
2019-04-06 10:10:40,SmartHome/zigbee2mqtt/bridge/config,|{"log_level":"info","permit_join":false}|
2019-04-06 10:10:42,SmartHome/zigbee2mqtt/bridge/config/permit_join,false
2019-04-06 10:10:42,SmartHome/zigbee2mqtt/bridge/config,|{"log_level":"info","permit_join":false}|
2019-04-06 10:10:44,SmartHome/zigbee2mqtt/bridge/config/permit_join,false
2019-04-06 10:10:44,SmartHome/zigbee2mqtt/bridge/config,|{"log_level":"info","permit_join":false}|
2019-04-06 10:12:03,SmartHome/zigbee2mqtt/bridge/config/permit_join,true
2019-04-06 10:12:03,SmartHome/zigbee2mqtt/bridge/config,|{"log_level":"info","permit_join":true}|
2019-04-06 10:12:13,SmartHome/zigbee2mqtt/bridge/config/permit_join,false
2019-04-06 10:12:13,SmartHome/zigbee2mqtt/bridge/config,|{"log_level":"info","permit_join":false}|
2019-04-06 11:28:13,SmartHome/zigbee2mqtt/bridge/state,online
2019-04-06 11:28:13,SmartHome/zigbee2mqtt/bridge/config,|{"log_level":"info","permit_join":false}|
2019-04-06 11:28:16,SmartHome/zigbee2mqtt/bridge/config/permit_join,false
2019-04-06 11:28:16,SmartHome/zigbee2mqtt/bridge/config,|{"log_level":"info","permit_join":false}|
2019-04-06 11:28:23,SmartHome/zigbee2mqtt/bridge/config/permit_join,false
2019-04-06 11:28:23,SmartHome/zigbee2mqtt/bridge/config,|{"log_level":"info","permit_join":false}|
2019-04-06 11:29:45,SmartHome/zigbee2mqtt/bridge/config/devices,
2019-04-06 11:29:45,SmartHome/zigbee2mqtt/bridge/log,|{"type":"devices","message":[{"ieeeAddr":"0x00178801043e07fb","type":"Router","model":"9290012573A","friendly_name":"0x00178801043e07fb"},{"ieeeAddr":"0x00178801040c9476","type":"Router","model":"9290012573A","friendly_name":"0x00178801040c9476"}]}|
2019-04-06 11:34:42,SmartHome/zigbee2mqtt/bridge/state,online
2019-04-06 11:34:42,SmartHome/zigbee2mqtt/bridge/config,|{"log_level":"info","permit_join":false}|
2019-04-06 11:34:46,SmartHome/zigbee2mqtt/bridge/config/permit_join,false
2019-04-06 11:34:46,SmartHome/zigbee2mqtt/bridge/config,|{"log_level":"info","permit_join":false}|
2019-04-06 11:34:49,SmartHome/zigbee2mqtt/bridge/config/permit_join,false
2019-04-06 11:34:49,SmartHome/zigbee2mqtt/bridge/config,|{"log_level":"info","permit_join":false}|
2019-04-06 11:34:51,SmartHome/zigbee2mqtt/bridge/config/devices,
2019-04-06 11:34:51,SmartHome/zigbee2mqtt/bridge/log,|{"type":"devices","message":[{"ieeeAddr":"0x00178801043e07fb","type":"Router","model":"9290012573A","friendly_name":"0x00178801043e07fb"},{"ieeeAddr":"0x00178801040c9476","type":"Router","model":"9290012573A","friendly_name":"0x00178801040c9476"}]}|
2019-04-06 11:35:31,SmartHome/zigbee2mqtt/bridge/state,online
2019-04-06 11:35:31,SmartHome/zigbee2mqtt/bridge/config,|{"log_level":"info","permit_join":false}|
2019-04-06 11:35:34,SmartHome/zigbee2mqtt/bridge/config/permit_join,false
2019-04-06 11:35:34,SmartHome/zigbee2mqtt/bridge/config,|{"log_level":"info","permit_join":false}|
2019-04-06 11:35:37,SmartHome/zigbee2mqtt/bridge/config/devices,
2019-04-06 11:35:37,SmartHome/zigbee2mqtt/bridge/log,|{"type":"devices","message":[{"ieeeAddr":"0x00178801043e07fb","type":"Router","model":"9290012573A","friendly_name":"0x00178801043e07fb"},{"ieeeAddr":"0x00178801040c9476","type":"Router","model":"9290012573A","friendly_name":"0x00178801040c9476"}]}|
2019-04-06 11:35:39,SmartHome/zigbee2mqtt/bridge/config/permit_join,false
2019-04-06 11:35:39,SmartHome/zigbee2mqtt/bridge/config,|{"log_level":"info","permit_join":false}|
2019-04-06 11:36:59,SmartHome/zigbee2mqtt/bridge/state,online
2019-04-06 11:36:59,SmartHome/zigbee2mqtt/bridge/config,|{"log_level":"info","permit_join":false}|
2019-04-06 11:37:01,SmartHome/zigbee2mqtt/bridge/config/permit_join,false
2019-04-06 11:37:01,SmartHome/zigbee2mqtt/bridge/config,|{"log_level":"info","permit_join":false}|
2019-04-06 11:37:02,SmartHome/zigbee2mqtt/bridge/config/permit_join,false
2019-04-06 11:37:02,SmartHome/zigbee2mqtt/bridge/config,|{"log_level":"info","permit_join":false}|
2019-04-06 11:37:05,SmartHome/zigbee2mqtt/bridge/config/devices,
2019-04-06 11:37:05,SmartHome/zigbee2mqtt/bridge/log,|{"type":"devices","message":[{"ieeeAddr":"0x00178801043e07fb","type":"Router","model":"9290012573A","friendly_name":"0x00178801043e07fb"},{"ieeeAddr":"0x00178801040c9476","type":"Router","model":"9290012573A","friendly_name":"0x00178801040c9476"}]}|
2019-04-06 11:37:07,SmartHome/zigbee2mqtt/bridge/config/permit_join,false
2019-04-06 11:37:07,SmartHome/zigbee2mqtt/bridge/config,|{"log_level":"info","permit_join":false}|
2019-04-06 11:37:47,SmartHome/zigbee2mqtt/bridge/state,online
2019-04-06 11:37:47,SmartHome/zigbee2mqtt/bridge/config,|{"log_level":"info","permit_join":false}|
2019-04-06 11:37:50,SmartHome/zigbee2mqtt/bridge/config/permit_join,false
2019-04-06 11:37:50,SmartHome/zigbee2mqtt/bridge/config,|{"log_level":"info","permit_join":false}|
2019-04-06 11:37:51,SmartHome/zigbee2mqtt/bridge/config/permit_join,false
2019-04-06 11:37:51,SmartHome/zigbee2mqtt/bridge/config,|{"log_level":"info","permit_join":false}|
2019-04-06 11:37:53,SmartHome/zigbee2mqtt/bridge/config/devices,
2019-04-06 11:37:53,SmartHome/zigbee2mqtt/bridge/log,|{"type":"devices","message":[{"ieeeAddr":"0x00178801043e07fb","type":"Router","model":"9290012573A","friendly_name":"0x00178801043e07fb"},{"ieeeAddr":"0x00178801040c9476","type":"Router","model":"9290012573A","friendly_name":"0x00178801040c9476"}]}|
2019-04-06 11:37:55,SmartHome/zigbee2mqtt/bridge/config/permit_join,false
2019-04-06 11:37:55,SmartHome/zigbee2mqtt/bridge/config,|{"log_level":"info","permit_join":false}|
2019-04-06 11:38:43,SmartHome/zigbee2mqtt/bridge/state,online
2019-04-06 11:38:43,SmartHome/zigbee2mqtt/bridge/config,|{"log_level":"info","permit_join":false}|
2019-04-06 11:38:46,SmartHome/zigbee2mqtt/bridge/config/permit_join,false
2019-04-06 11:38:46,SmartHome/zigbee2mqtt/bridge/config,|{"log_level":"info","permit_join":false}|
2019-04-06 11:38:48,SmartHome/zigbee2mqtt/bridge/config/devices,
2019-04-06 11:38:48,SmartHome/zigbee2mqtt/bridge/log,|{"type":"devices","message":[{"ieeeAddr":"0x00178801043e07fb","type":"Router","model":"9290012573A","friendly_name":"0x00178801043e07fb"},{"ieeeAddr":"0x00178801040c9476","type":"Router","model":"9290012573A","friendly_name":"0x00178801040c9476"}]}|
2019-04-06 11:38:50,SmartHome/zigbee2mqtt/bridge/config/permit_join,false
2019-04-06 11:38:50,SmartHome/zigbee2mqtt/bridge/config,|{"log_level":"info","permit_join":false}|
2019-04-06 11:40:45,SmartHome/zigbee2mqtt/bridge/state,online
2019-04-06 11:40:45,SmartHome/zigbee2mqtt/bridge/config,|{"log_level":"info","permit_join":false}|
2019-04-06 11:40:48,SmartHome/zigbee2mqtt/bridge/config/permit_join,false
2019-04-06 11:40:48,SmartHome/zigbee2mqtt/bridge/config,|{"log_level":"info","permit_join":false}|
2019-04-06 11:40:50,SmartHome/zigbee2mqtt/bridge/config/devices,
2019-04-06 11:40:50,SmartHome/zigbee2mqtt/bridge/log,|{"type":"devices","message":[{"ieeeAddr":"0x00178801043e07fb","type":"Router","model":"9290012573A","friendly_name":"0x00178801043e07fb"},{"ieeeAddr":"0x00178801040c9476","type":"Router","model":"9290012573A","friendly_name":"0x00178801040c9476"}]}|
2019-04-06 11:41:18,SmartHome/zigbee2mqtt/bridge/state,online
2019-04-06 11:41:18,SmartHome/zigbee2mqtt/bridge/config,|{"log_level":"info","permit_join":false}|
2019-04-06 11:41:21,SmartHome/zigbee2mqtt/bridge/config/permit_join,false
2019-04-06 11:41:22,SmartHome/zigbee2mqtt/bridge/config,|{"log_level":"info","permit_join":false}|
2019-04-06 11:41:22,SmartHome/zigbee2mqtt/bridge/config/permit_join,false
2019-04-06 11:41:23,SmartHome/zigbee2mqtt/bridge/config,|{"log_level":"info","permit_join":false}|
2019-04-06 11:41:24,SmartHome/zigbee2mqtt/bridge/config/permit_join,false
2019-04-06 11:41:24,SmartHome/zigbee2mqtt/bridge/config,|{"log_level":"info","permit_join":false}|
2019-04-06 11:41:39,SmartHome/zigbee2mqtt/bridge/config/devices,
2019-04-06 11:41:39,SmartHome/zigbee2mqtt/bridge/log,|{"type":"devices","message":[{"ieeeAddr":"0x00178801043e07fb","type":"Router","model":"9290012573A","friendly_name":"0x00178801043e07fb"},{"ieeeAddr":"0x00178801040c9476","type":"Router","model":"9290012573A","friendly_name":"0x00178801040c9476"}]}|
2019-04-06 11:41:42,SmartHome/zigbee2mqtt/bridge/config/permit_join,false
2019-04-06 11:41:42,SmartHome/zigbee2mqtt/bridge/config,|{"log_level":"info","permit_join":false}|
2019-04-06 11:42:15,SmartHome/zigbee2mqtt/bridge/state,online
2019-04-06 11:42:15,SmartHome/zigbee2mqtt/bridge/config,|{"log_level":"info","permit_join":false}|
2019-04-06 11:42:19,SmartHome/zigbee2mqtt/bridge/config/permit_join,false
2019-04-06 11:42:19,SmartHome/zigbee2mqtt/bridge/config,|{"log_level":"info","permit_join":false}|
2019-04-06 11:42:21,SmartHome/zigbee2mqtt/bridge/config/permit_join,false
2019-04-06 11:42:21,SmartHome/zigbee2mqtt/bridge/config,|{"log_level":"info","permit_join":false}|
2019-04-06 11:42:24,SmartHome/zigbee2mqtt/bridge/config/devices,
2019-04-06 11:42:25,SmartHome/zigbee2mqtt/bridge/log,|{"type":"devices","message":[{"ieeeAddr":"0x00178801043e07fb","type":"Router","model":"9290012573A","friendly_name":"0x00178801043e07fb"},{"ieeeAddr":"0x00178801040c9476","type":"Router","model":"9290012573A","friendly_name":"0x00178801040c9476"}]}|
2019-04-06 11:42:27,SmartHome/zigbee2mqtt/bridge/config/permit_join,false
2019-04-06 11:42:27,SmartHome/zigbee2mqtt/bridge/config,|{"log_level":"info","permit_join":false}|
2019-04-06 11:44:08,SmartHome/zigbee2mqtt/bridge/state,online
2019-04-06 11:44:08,SmartHome/zigbee2mqtt/bridge/config,|{"log_level":"info","permit_join":false}|
2019-04-06 11:44:12,SmartHome/zigbee2mqtt/bridge/config/permit_join,false
2019-04-06 11:44:12,SmartHome/zigbee2mqtt/bridge/config,|{"log_level":"info","permit_join":false}|
2019-04-06 11:44:14,SmartHome/zigbee2mqtt/bridge/config/permit_join,false
2019-04-06 11:44:14,SmartHome/zigbee2mqtt/bridge/config,|{"log_level":"info","permit_join":false}|
2019-04-06 11:44:17,SmartHome/zigbee2mqtt/bridge/config/devices,
2019-04-06 11:44:17,SmartHome/zigbee2mqtt/bridge/log,|{"type":"devices","message":[{"ieeeAddr":"0x00178801043e07fb","type":"Router","model":"9290012573A","friendly_name":"0x00178801043e07fb"},{"ieeeAddr":"0x00178801040c9476","type":"Router","model":"9290012573A","friendly_name":"0x00178801040c9476"}]}|
2019-04-06 11:44:20,SmartHome/zigbee2mqtt/bridge/config/permit_join,false
2019-04-06 11:44:20,SmartHome/zigbee2mqtt/bridge/config,|{"log_level":"info","permit_join":false}|
2019-04-06 11:45:24,SmartHome/zigbee2mqtt/bridge/state,online
2019-04-06 11:45:24,SmartHome/zigbee2mqtt/bridge/config,|{"log_level":"info","permit_join":false}|
2019-04-06 11:45:27,SmartHome/zigbee2mqtt/bridge/config/permit_join,false
2019-04-06 11:45:27,SmartHome/zigbee2mqtt/bridge/config,|{"log_level":"info","permit_join":false}|
2019-04-06 11:45:28,SmartHome/zigbee2mqtt/bridge/config/permit_join,false
2019-04-06 11:45:28,SmartHome/zigbee2mqtt/bridge/config,|{"log_level":"info","permit_join":false}|
2019-04-06 11:45:47,SmartHome/zigbee2mqtt/bridge/config/devices,
2019-04-06 11:45:47,SmartHome/zigbee2mqtt/bridge/log,|{"type":"devices","message":[{"ieeeAddr":"0x00178801043e07fb","type":"Router","model":"9290012573A","friendly_name":"0x00178801043e07fb"},{"ieeeAddr":"0x00178801040c9476","type":"Router","model":"9290012573A","friendly_name":"0x00178801040c9476"}]}|
2019-04-06 11:45:49,SmartHome/zigbee2mqtt/bridge/config/permit_join,false
2019-04-06 11:45:49,SmartHome/zigbee2mqtt/bridge/config,|{"log_level":"info","permit_join":false}|
2019-04-06 11:47:45,SmartHome/zigbee2mqtt/bridge/state,online
2019-04-06 11:47:45,SmartHome/zigbee2mqtt/bridge/config,|{"log_level":"info","permit_join":false}|
2019-04-06 11:47:48,SmartHome/zigbee2mqtt/bridge/config/permit_join,false
2019-04-06 11:47:48,SmartHome/zigbee2mqtt/bridge/config,|{"log_level":"info","permit_join":false}|
2019-04-06 11:47:52,SmartHome/zigbee2mqtt/bridge/config/permit_join,false
2019-04-06 11:47:52,SmartHome/zigbee2mqtt/bridge/config,|{"log_level":"info","permit_join":false}|
2019-04-06 11:47:54,SmartHome/zigbee2mqtt/bridge/config/devices,
2019-04-06 11:47:54,SmartHome/zigbee2mqtt/bridge/log,|{"type":"devices","message":[{"ieeeAddr":"0x00178801043e07fb","type":"Router","model":"9290012573A","friendly_name":"0x00178801043e07fb"},{"ieeeAddr":"0x00178801040c9476","type":"Router","model":"9290012573A","friendly_name":"0x00178801040c9476"}]}|
2019-04-06 11:55:09,SmartHome/zigbee2mqtt/bridge/state,online
2019-04-06 11:55:09,SmartHome/zigbee2mqtt/bridge/config,|{"log_level":"info","permit_join":false}|
2019-04-06 11:55:11,SmartHome/zigbee2mqtt/bridge/config/permit_join,false
2019-04-06 11:55:11,SmartHome/zigbee2mqtt/bridge/config,|{"log_level":"info","permit_join":false}|
2019-04-06 11:55:14,SmartHome/zigbee2mqtt/bridge/config/permit_join,false
2019-04-06 11:55:14,SmartHome/zigbee2mqtt/bridge/config,|{"log_level":"info","permit_join":false}|
2019-04-06 11:55:15,SmartHome/zigbee2mqtt/bridge/config/permit_join,true
2019-04-06 11:55:15,SmartHome/zigbee2mqtt/bridge/config,|{"log_level":"info","permit_join":true}|
2019-04-06 11:55:35,SmartHome/zigbee2mqtt/bridge/config/devices,
2019-04-06 11:55:35,SmartHome/zigbee2mqtt/bridge/log,|{"type":"devices","message":[{"ieeeAddr":"0x00178801043e07fb","type":"Router","model":"9290012573A","friendly_name":"0x00178801043e07fb"},{"ieeeAddr":"0x00178801040c9476","type":"Router","model":"9290012573A","friendly_name":"0x00178801040c9476"}]}|
2019-04-06 11:55:37,SmartHome/zigbee2mqtt/bridge/config/permit_join,true
2019-04-06 11:55:37,SmartHome/zigbee2mqtt/bridge/config,|{"log_level":"info","permit_join":true}|
2019-04-06 11:59:38,SmartHome/zigbee2mqtt/bridge/state,online
2019-04-06 11:59:38,SmartHome/zigbee2mqtt/bridge/config,|{"log_level":"info","permit_join":true}|
2019-04-06 11:59:41,SmartHome/zigbee2mqtt/bridge/config/permit_join,true
2019-04-06 11:59:41,SmartHome/zigbee2mqtt/bridge/config,|{"log_level":"info","permit_join":true}|
2019-04-06 11:59:56,SmartHome/zigbee2mqtt/bridge/config/devices,
2019-04-06 11:59:56,SmartHome/zigbee2mqtt/bridge/log,|{"type":"devices","message":[{"ieeeAddr":"0x00178801043e07fb","type":"Router","model":"9290012573A","friendly_name":"0x00178801043e07fb"},{"ieeeAddr":"0x00178801040c9476","type":"Router","model":"9290012573A","friendly_name":"0x00178801040c9476"}]}|
2019-04-06 12:01:01,SmartHome/zigbee2mqtt/bridge/state,online
2019-04-06 12:01:01,SmartHome/zigbee2mqtt/bridge/config,|{"log_level":"info","permit_join":true}|
2019-04-06 12:01:02,SmartHome/zigbee2mqtt/bridge/config/permit_join,true
2019-04-06 12:01:02,SmartHome/zigbee2mqtt/bridge/config,|{"log_level":"info","permit_join":true}|
2019-04-06 12:01:06,SmartHome/zigbee2mqtt/bridge/config/devices,
2019-04-06 12:01:06,SmartHome/zigbee2mqtt/bridge/log,|{"type":"devices","message":[{"ieeeAddr":"0x00178801043e07fb","type":"Router","model":"9290012573A","friendly_name":"0x00178801043e07fb"},{"ieeeAddr":"0x00178801040c9476","type":"Router","model":"9290012573A","friendly_name":"0x00178801040c9476"}]}|
2019-04-06 12:01:56,SmartHome/zigbee2mqtt/bridge/state,online
2019-04-06 12:01:56,SmartHome/zigbee2mqtt/bridge/config,|{"log_level":"info","permit_join":true}|
2019-04-06 12:01:58,SmartHome/zigbee2mqtt/bridge/config/permit_join,true
2019-04-06 12:01:58,SmartHome/zigbee2mqtt/bridge/config,|{"log_level":"info","permit_join":true}|
2019-04-06 12:02:00,SmartHome/zigbee2mqtt/bridge/config/devices,
2019-04-06 12:02:00,SmartHome/zigbee2mqtt/bridge/log,|{"type":"devices","message":[{"ieeeAddr":"0x00178801043e07fb","type":"Router","model":"9290012573A","friendly_name":"0x00178801043e07fb"},{"ieeeAddr":"0x00178801040c9476","type":"Router","model":"9290012573A","friendly_name":"0x00178801040c9476"}]}|
2019-04-06 12:02:32,SmartHome/zigbee2mqtt/bridge/state,online
2019-04-06 12:02:32,SmartHome/zigbee2mqtt/bridge/config,|{"log_level":"info","permit_join":true}|
2019-04-06 12:02:37,SmartHome/zigbee2mqtt/bridge/config/permit_join,true
2019-04-06 12:02:37,SmartHome/zigbee2mqtt/bridge/config,|{"log_level":"info","permit_join":true}|
2019-04-06 12:02:42,SmartHome/zigbee2mqtt/bridge/config/permit_join,true
2019-04-06 12:02:42,SmartHome/zigbee2mqtt/bridge/config,|{"log_level":"info","permit_join":true}|
2019-04-06 12:02:44,SmartHome/zigbee2mqtt/bridge/config/devices,
2019-04-06 12:02:44,SmartHome/zigbee2mqtt/bridge/log,|{"type":"devices","message":[{"ieeeAddr":"0x00178801043e07fb","type":"Router","model":"9290012573A","friendly_name":"0x00178801043e07fb"},{"ieeeAddr":"0x00178801040c9476","type":"Router","model":"9290012573A","friendly_name":"0x00178801040c9476"}]}|
2019-04-06 12:03:31,SmartHome/zigbee2mqtt/bridge/state,online
2019-04-06 12:03:31,SmartHome/zigbee2mqtt/bridge/config,|{"log_level":"info","permit_join":true}|
2019-04-06 12:03:32,SmartHome/zigbee2mqtt/bridge/config/permit_join,true
2019-04-06 12:03:32,SmartHome/zigbee2mqtt/bridge/config,|{"log_level":"info","permit_join":true}|
2019-04-06 12:03:35,SmartHome/zigbee2mqtt/bridge/config/devices,
2019-04-06 12:03:35,SmartHome/zigbee2mqtt/bridge/log,|{"type":"devices","message":[{"ieeeAddr":"0x00178801043e07fb","type":"Router","model":"9290012573A","friendly_name":"0x00178801043e07fb"},{"ieeeAddr":"0x00178801040c9476","type":"Router","model":"9290012573A","friendly_name":"0x00178801040c9476"}]}|
2019-04-06 12:03:54,SmartHome/zigbee2mqtt/bridge/state,online
2019-04-06 12:03:54,SmartHome/zigbee2mqtt/bridge/config,|{"log_level":"info","permit_join":true}|
2019-04-06 12:03:55,SmartHome/zigbee2mqtt/bridge/config/permit_join,true
2019-04-06 12:03:55,SmartHome/zigbee2mqtt/bridge/config,|{"log_level":"info","permit_join":true}|
2019-04-06 12:03:58,SmartHome/zigbee2mqtt/bridge/config/devices,
2019-04-06 12:03:58,SmartHome/zigbee2mqtt/bridge/log,|{"type":"devices","message":[{"ieeeAddr":"0x00178801043e07fb","type":"Router","model":"9290012573A","friendly_name":"0x00178801043e07fb"},{"ieeeAddr":"0x00178801040c9476","type":"Router","model":"9290012573A","friendly_name":"0x00178801040c9476"}]}|
2019-04-06 12:04:00,SmartHome/zigbee2mqtt/bridge/config/permit_join,true
2019-04-06 12:04:01,SmartHome/zigbee2mqtt/bridge/config,|{"log_level":"info","permit_join":true}|
2019-04-06 12:07:53,SmartHome/zigbee2mqtt/bridge/state,online
2019-04-06 12:07:53,SmartHome/zigbee2mqtt/bridge/config,|{"log_level":"info","permit_join":true}|
2019-04-06 12:07:55,SmartHome/zigbee2mqtt/bridge/config/permit_join,true
2019-04-06 12:07:55,SmartHome/zigbee2mqtt/bridge/config,|{"log_level":"info","permit_join":true}|
2019-04-06 12:07:57,SmartHome/zigbee2mqtt/bridge/config/devices,
2019-04-06 12:07:57,SmartHome/zigbee2mqtt/bridge/log,|{"type":"devices","message":[{"ieeeAddr":"0x00178801043e07fb","type":"Router","model":"9290012573A","friendly_name":"0x00178801043e07fb"},{"ieeeAddr":"0x00178801040c9476","type":"Router","model":"9290012573A","friendly_name":"0x00178801040c9476"}]}|
2019-04-06 12:07:59,SmartHome/zigbee2mqtt/bridge/config/permit_join,true
2019-04-06 12:07:59,SmartHome/zigbee2mqtt/bridge/config,|{"log_level":"info","permit_join":true}|
2019-04-06 12:08:55,SmartHome/zigbee2mqtt/bridge/state,online
2019-04-06 12:08:55,SmartHome/zigbee2mqtt/bridge/config,|{"log_level":"info","permit_join":true}|
2019-04-06 12:08:56,SmartHome/zigbee2mqtt/bridge/config/permit_join,true
2019-04-06 12:08:56,SmartHome/zigbee2mqtt/bridge/config,|{"log_level":"info","permit_join":true}|
2019-04-06 12:08:58,SmartHome/zigbee2mqtt/bridge/config/devices,
2019-04-06 12:08:58,SmartHome/zigbee2mqtt/bridge/log,|{"type":"devices","message":[{"ieeeAddr":"0x00178801043e07fb","type":"Router","model":"9290012573A","friendly_name":"0x00178801043e07fb"},{"ieeeAddr":"0x00178801040c9476","type":"Router","model":"9290012573A","friendly_name":"0x00178801040c9476"}]}|
2019-04-06 12:09:00,SmartHome/zigbee2mqtt/bridge/config/permit_join,true
2019-04-06 12:09:00,SmartHome/zigbee2mqtt/bridge/config,|{"log_level":"info","permit_join":true}|
2019-04-06 12:09:52,SmartHome/zigbee2mqtt/bridge/state,online
2019-04-06 12:09:52,SmartHome/zigbee2mqtt/bridge/config,|{"log_level":"info","permit_join":true}|
2019-04-06 12:09:54,SmartHome/zigbee2mqtt/bridge/config/permit_join,true
2019-04-06 12:09:54,SmartHome/zigbee2mqtt/bridge/config,|{"log_level":"info","permit_join":true}|
2019-04-06 12:09:57,SmartHome/zigbee2mqtt/bridge/config/devices,
2019-04-06 12:09:57,SmartHome/zigbee2mqtt/bridge/log,|{"type":"devices","message":[{"ieeeAddr":"0x00178801043e07fb","type":"Router","model":"9290012573A","friendly_name":"0x00178801043e07fb"},{"ieeeAddr":"0x00178801040c9476","type":"Router","model":"9290012573A","friendly_name":"0x00178801040c9476"}]}|
2019-04-06 12:10:21,SmartHome/zigbee2mqtt/bridge/state,online
2019-04-06 12:10:21,SmartHome/zigbee2mqtt/bridge/config,|{"log_level":"info","permit_join":true}|
2019-04-06 12:10:24,SmartHome/zigbee2mqtt/bridge/config/permit_join,true
2019-04-06 12:10:24,SmartHome/zigbee2mqtt/bridge/config,|{"log_level":"info","permit_join":true}|
2019-04-06 12:10:25,SmartHome/zigbee2mqtt/bridge/config/devices,
2019-04-06 12:10:25,SmartHome/zigbee2mqtt/bridge/log,|{"type":"devices","message":[{"ieeeAddr":"0x00178801043e07fb","type":"Router","model":"9290012573A","friendly_name":"0x00178801043e07fb"},{"ieeeAddr":"0x00178801040c9476","type":"Router","model":"9290012573A","friendly_name":"0x00178801040c9476"}]}|
2019-04-06 12:13:35,SmartHome/zigbee2mqtt/bridge/state,online
2019-04-06 12:13:35,SmartHome/zigbee2mqtt/bridge/config,|{"log_level":"info","permit_join":true}|
2019-04-06 12:13:39,SmartHome/zigbee2mqtt/bridge/config/permit_join,true
2019-04-06 12:13:39,SmartHome/zigbee2mqtt/bridge/config,|{"log_level":"info","permit_join":true}|
2019-04-06 12:13:41,SmartHome/zigbee2mqtt/bridge/config/devices,
2019-04-06 12:13:41,SmartHome/zigbee2mqtt/bridge/log,|{"type":"devices","message":[{"ieeeAddr":"0x00178801043e07fb","type":"Router","model":"9290012573A","friendly_name":"0x00178801043e07fb"},{"ieeeAddr":"0x00178801040c9476","type":"Router","model":"9290012573A","friendly_name":"0x00178801040c9476"}]}|
2019-04-06 12:13:43,SmartHome/zigbee2mqtt/bridge/config/permit_join,true
2019-04-06 12:13:43,SmartHome/zigbee2mqtt/bridge/config,|{"log_level":"info","permit_join":true}|
2019-04-06 12:20:25,SmartHome/zigbee2mqtt/bridge/state,online
2019-04-06 12:20:25,SmartHome/zigbee2mqtt/bridge/config,|{"log_level":"info","permit_join":true}|
2019-04-06 12:20:25,SmartHome/zigbee2mqtt/bridge/config,|{"log_level":"info","permit_join":true}|
2019-04-06 12:20:27,SmartHome/zigbee2mqtt/bridge/config/permit_join,true
2019-04-06 12:20:27,SmartHome/zigbee2mqtt/bridge/config,|{"log_level":"info","permit_join":true}|
2019-04-06 12:20:29,SmartHome/zigbee2mqtt/bridge/config/devices,
2019-04-06 12:20:29,SmartHome/zigbee2mqtt/bridge/log,|{"type":"devices","message":[{"ieeeAddr":"0x00178801043e07fb","type":"Router","model":"9290012573A","friendly_name":"0x00178801043e07fb"},{"ieeeAddr":"0x00178801040c9476","type":"Router","model":"9290012573A","friendly_name":"0x00178801040c9476"}]}|
2019-04-06 12:20:31,SmartHome/zigbee2mqtt/bridge/config/permit_join,true
2019-04-06 12:20:31,SmartHome/zigbee2mqtt/bridge/config,|{"log_level":"info","permit_join":true}|
2019-04-06 12:20:51,SmartHome/zigbee2mqtt/bridge/state,online
2019-04-06 12:20:51,SmartHome/zigbee2mqtt/bridge/config,|{"log_level":"info","permit_join":true}|
2019-04-06 12:20:52,SmartHome/zigbee2mqtt/bridge/config/permit_join,true
2019-04-06 12:20:52,SmartHome/zigbee2mqtt/bridge/config,|{"log_level":"info","permit_join":true}|
2019-04-06 12:20:54,SmartHome/zigbee2mqtt/bridge/config/devices,
2019-04-06 12:20:54,SmartHome/zigbee2mqtt/bridge/log,|{"type":"devices","message":[{"ieeeAddr":"0x00178801043e07fb","type":"Router","model":"9290012573A","friendly_name":"0x00178801043e07fb"},{"ieeeAddr":"0x00178801040c9476","type":"Router","model":"9290012573A","friendly_name":"0x00178801040c9476"}]}|
2019-04-06 12:21:59,SmartHome/zigbee2mqtt/bridge/state,online
2019-04-06 12:21:59,SmartHome/zigbee2mqtt/bridge/config,|{"log_level":"info","permit_join":true}|
2019-04-06 12:21:59,SmartHome/zigbee2mqtt/bridge/config/permit_join,true
2019-04-06 12:21:59,SmartHome/zigbee2mqtt/bridge/config,|{"log_level":"info","permit_join":true}|
2019-04-06 12:22:01,SmartHome/zigbee2mqtt/bridge/config/devices,
2019-04-06 12:22:01,SmartHome/zigbee2mqtt/bridge/log,|{"type":"devices","message":[{"ieeeAddr":"0x00178801043e07fb","type":"Router","model":"9290012573A","friendly_name":"0x00178801043e07fb"},{"ieeeAddr":"0x00178801040c9476","type":"Router","model":"9290012573A","friendly_name":"0x00178801040c9476"}]}|
2019-04-06 12:24:00,SmartHome/zigbee2mqtt/bridge/state,online
2019-04-06 12:24:00,SmartHome/zigbee2mqtt/bridge/config,|{"log_level":"info","permit_join":true}|
2019-04-06 12:24:02,SmartHome/zigbee2mqtt/bridge/config/permit_join,true
2019-04-06 12:24:02,SmartHome/zigbee2mqtt/bridge/config,|{"log_level":"info","permit_join":true}|
2019-04-06 12:24:04,SmartHome/zigbee2mqtt/bridge/config/devices,
2019-04-06 12:24:04,SmartHome/zigbee2mqtt/bridge/log,|{"type":"devices","message":[{"ieeeAddr":"0x00178801043e07fb","type":"Router","model":"9290012573A","friendly_name":"0x00178801043e07fb"},{"ieeeAddr":"0x00178801040c9476","type":"Router","model":"9290012573A","friendly_name":"0x00178801040c9476"}]}|
2019-04-06 12:24:42,SmartHome/zigbee2mqtt/bridge/state,online
2019-04-06 12:24:42,SmartHome/zigbee2mqtt/bridge/config,|{"log_level":"info","permit_join":true}|
2019-04-06 12:24:43,SmartHome/zigbee2mqtt/bridge/config/permit_join,true
2019-04-06 12:24:43,SmartHome/zigbee2mqtt/bridge/config,|{"log_level":"info","permit_join":true}|
2019-04-06 12:24:44,SmartHome/zigbee2mqtt/bridge/config/devices,
2019-04-06 12:24:44,SmartHome/zigbee2mqtt/bridge/log,|{"type":"devices","message":[{"ieeeAddr":"0x00178801043e07fb","type":"Router","model":"9290012573A","friendly_name":"0x00178801043e07fb"},{"ieeeAddr":"0x00178801040c9476","type":"Router","model":"9290012573A","friendly_name":"0x00178801040c9476"}]}|
2019-04-06 12:25:54,SmartHome/zigbee2mqtt/bridge/state,online
2019-04-06 12:25:54,SmartHome/zigbee2mqtt/bridge/config,|{"log_level":"info","permit_join":true}|
2019-04-06 12:25:58,SmartHome/zigbee2mqtt/bridge/config/permit_join,true
2019-04-06 12:25:58,SmartHome/zigbee2mqtt/bridge/config,|{"log_level":"info","permit_join":true}|
2019-04-06 12:26:06,SmartHome/zigbee2mqtt/bridge/config/devices,
2019-04-06 12:26:06,SmartHome/zigbee2mqtt/bridge/log,|{"type":"devices","message":[{"ieeeAddr":"0x00178801043e07fb","type":"Router","model":"9290012573A","friendly_name":"0x00178801043e07fb"},{"ieeeAddr":"0x00178801040c9476","type":"Router","model":"9290012573A","friendly_name":"0x00178801040c9476"}]}|
2019-04-06 12:26:08,SmartHome/zigbee2mqtt/bridge/config/permit_join,true
2019-04-06 12:26:08,SmartHome/zigbee2mqtt/bridge/config,|{"log_level":"info","permit_join":true}|
2019-04-06 12:28:13,SmartHome/zigbee2mqtt/bridge/state,online
2019-04-06 12:28:13,SmartHome/zigbee2mqtt/bridge/config,|{"log_level":"info","permit_join":true}|
2019-04-06 12:28:14,SmartHome/zigbee2mqtt/bridge/config/permit_join,true
2019-04-06 12:28:14,SmartHome/zigbee2mqtt/bridge/config,|{"log_level":"info","permit_join":true}|
2019-04-06 12:28:16,SmartHome/zigbee2mqtt/bridge/config/devices,
2019-04-06 12:28:16,SmartHome/zigbee2mqtt/bridge/log,|{"type":"devices","message":[{"ieeeAddr":"0x00178801043e07fb","type":"Router","model":"9290012573A","friendly_name":"0x00178801043e07fb"},{"ieeeAddr":"0x00178801040c9476","type":"Router","model":"9290012573A","friendly_name":"0x00178801040c9476"}]}|
2019-04-06 12:28:18,SmartHome/zigbee2mqtt/bridge/config/permit_join,true
2019-04-06 12:28:18,SmartHome/zigbee2mqtt/bridge/config,|{"log_level":"info","permit_join":true}|
2019-04-06 12:31:23,SmartHome/zigbee2mqtt/bridge/state,online
2019-04-06 12:31:23,SmartHome/zigbee2mqtt/bridge/config,|{"log_level":"info","permit_join":true}|
2019-04-06 12:31:25,SmartHome/zigbee2mqtt/bridge/config/permit_join,true
2019-04-06 12:31:25,SmartHome/zigbee2mqtt/bridge/config,|{"log_level":"info","permit_join":true}|
2019-04-06 12:31:26,SmartHome/zigbee2mqtt/bridge/config/devices,
2019-04-06 12:31:26,SmartHome/zigbee2mqtt/bridge/log,|{"type":"devices","message":[{"ieeeAddr":"0x00178801043e07fb","type":"Router","model":"9290012573A","friendly_name":"0x00178801043e07fb"},{"ieeeAddr":"0x00178801040c9476","type":"Router","model":"9290012573A","friendly_name":"0x00178801040c9476"}]}|
2019-04-06 12:31:28,SmartHome/zigbee2mqtt/bridge/config/permit_join,true
2019-04-06 12:31:28,SmartHome/zigbee2mqtt/bridge/config,|{"log_level":"info","permit_join":true}|
2019-04-06 12:33:05,SmartHome/zigbee2mqtt/bridge/state,online
2019-04-06 12:33:05,SmartHome/zigbee2mqtt/bridge/config,|{"log_level":"info","permit_join":true}|
2019-04-06 12:33:05,SmartHome/zigbee2mqtt/bridge/config/permit_join,true
2019-04-06 12:33:05,SmartHome/zigbee2mqtt/bridge/config,|{"log_level":"info","permit_join":true}|
2019-04-06 12:33:07,SmartHome/zigbee2mqtt/bridge/config/devices,
2019-04-06 12:33:07,SmartHome/zigbee2mqtt/bridge/log,|{"type":"devices","message":[{"ieeeAddr":"0x00178801043e07fb","type":"Router","model":"9290012573A","friendly_name":"0x00178801043e07fb"},{"ieeeAddr":"0x00178801040c9476","type":"Router","model":"9290012573A","friendly_name":"0x00178801040c9476"}]}|
2019-04-06 12:34:19,SmartHome/zigbee2mqtt/bridge/state,online
2019-04-06 12:34:19,SmartHome/zigbee2mqtt/bridge/config,|{"log_level":"info","permit_join":true}|
2019-04-06 12:34:19,SmartHome/zigbee2mqtt/bridge/config,|{"log_level":"info","permit_join":true}|
2019-04-06 12:34:20,SmartHome/zigbee2mqtt/bridge/config/permit_join,true
2019-04-06 12:34:20,SmartHome/zigbee2mqtt/bridge/config,|{"log_level":"info","permit_join":true}|
2019-04-06 12:34:22,SmartHome/zigbee2mqtt/bridge/config/devices,
2019-04-06 12:34:22,SmartHome/zigbee2mqtt/bridge/log,|{"type":"devices","message":[{"ieeeAddr":"0x00178801043e07fb","type":"Router","model":"9290012573A","friendly_name":"0x00178801043e07fb"},{"ieeeAddr":"0x00178801040c9476","type":"Router","model":"9290012573A","friendly_name":"0x00178801040c9476"}]}|
2019-04-06 12:34:24,SmartHome/zigbee2mqtt/bridge/config/permit_join,true
2019-04-06 12:34:24,SmartHome/zigbee2mqtt/bridge/config,|{"log_level":"info","permit_join":true}|
2019-04-06 12:35:16,SmartHome/zigbee2mqtt/bridge/state,online
2019-04-06 12:35:16,SmartHome/zigbee2mqtt/bridge/config,|{"log_level":"info","permit_join":true}|
2019-04-06 12:35:18,SmartHome/zigbee2mqtt/bridge/config/devices,
2019-04-06 12:35:18,SmartHome/zigbee2mqtt/bridge/log,|{"type":"devices","message":[{"ieeeAddr":"0x00178801043e07fb","type":"Router","model":"9290012573A","friendly_name":"0x00178801043e07fb"},{"ieeeAddr":"0x00178801040c9476","type":"Router","model":"9290012573A","friendly_name":"0x00178801040c9476"}]}|
2019-04-06 12:35:41,SmartHome/zigbee2mqtt/bridge/state,online
2019-04-06 12:35:41,SmartHome/zigbee2mqtt/bridge/config,|{"log_level":"info","permit_join":true}|
2019-04-06 12:35:42,SmartHome/zigbee2mqtt/bridge/config/devices,
2019-04-06 12:35:42,SmartHome/zigbee2mqtt/bridge/log,|{"type":"devices","message":[{"ieeeAddr":"0x00178801043e07fb","type":"Router","model":"9290012573A","friendly_name":"0x00178801043e07fb"},{"ieeeAddr":"0x00178801040c9476","type":"Router","model":"9290012573A","friendly_name":"0x00178801040c9476"}]}|
2019-04-06 12:36:04,SmartHome/zigbee2mqtt/bridge/state,online
2019-04-06 12:36:04,SmartHome/zigbee2mqtt/bridge/config,|{"log_level":"info","permit_join":true}|
2019-04-06 12:36:07,SmartHome/zigbee2mqtt/bridge/config/devices,
2019-04-06 12:36:07,SmartHome/zigbee2mqtt/bridge/log,|{"type":"devices","message":[{"ieeeAddr":"0x00178801043e07fb","type":"Router","model":"9290012573A","friendly_name":"0x00178801043e07fb"},{"ieeeAddr":"0x00178801040c9476","type":"Router","model":"9290012573A","friendly_name":"0x00178801040c9476"}]}|
2019-04-06 12:36:09,SmartHome/zigbee2mqtt/bridge/config/permit_join,true
2019-04-06 12:36:09,SmartHome/zigbee2mqtt/bridge/config,|{"log_level":"info","permit_join":true}|
2019-04-06 12:36:35,SmartHome/zigbee2mqtt/bridge/state,online
2019-04-06 12:36:35,SmartHome/zigbee2mqtt/bridge/config,|{"log_level":"info","permit_join":true}|
2019-04-06 12:36:37,SmartHome/zigbee2mqtt/bridge/config/permit_join,true
2019-04-06 12:36:37,SmartHome/zigbee2mqtt/bridge/config,|{"log_level":"info","permit_join":true}|
2019-04-06 12:36:40,SmartHome/zigbee2mqtt/bridge/config/devices,
2019-04-06 12:36:40,SmartHome/zigbee2mqtt/bridge/log,|{"type":"devices","message":[{"ieeeAddr":"0x00178801043e07fb","type":"Router","model":"9290012573A","friendly_name":"0x00178801043e07fb"},{"ieeeAddr":"0x00178801040c9476","type":"Router","model":"9290012573A","friendly_name":"0x00178801040c9476"}]}|
2019-04-06 12:36:42,SmartHome/zigbee2mqtt/bridge/config/permit_join,true
2019-04-06 12:36:42,SmartHome/zigbee2mqtt/bridge/config,|{"log_level":"info","permit_join":true}|
2019-04-06 12:37:43,SmartHome/zigbee2mqtt/bridge/state,online
2019-04-06 12:37:43,SmartHome/zigbee2mqtt/bridge/config,|{"log_level":"info","permit_join":true}|
2019-04-06 12:37:44,SmartHome/zigbee2mqtt/bridge/config/devices,
2019-04-06 12:37:44,SmartHome/zigbee2mqtt/bridge/log,|{"type":"devices","message":[{"ieeeAddr":"0x00178801043e07fb","type":"Router","model":"9290012573A","friendly_name":"0x00178801043e07fb"},{"ieeeAddr":"0x00178801040c9476","type":"Router","model":"9290012573A","friendly_name":"0x00178801040c9476"}]}|
2019-04-06 12:37:46,SmartHome/zigbee2mqtt/bridge/config/permit_join,true
2019-04-06 12:37:47,SmartHome/zigbee2mqtt/bridge/config,|{"log_level":"info","permit_join":true}|
2019-04-06 12:38:11,SmartHome/zigbee2mqtt/bridge/state,online
2019-04-06 12:38:11,SmartHome/zigbee2mqtt/bridge/config,|{"log_level":"info","permit_join":true}|
2019-04-06 12:38:12,SmartHome/zigbee2mqtt/bridge/config/permit_join,true
2019-04-06 12:38:12,SmartHome/zigbee2mqtt/bridge/config,|{"log_level":"info","permit_join":true}|
2019-04-06 12:38:13,SmartHome/zigbee2mqtt/bridge/config/devices,
2019-04-06 12:38:13,SmartHome/zigbee2mqtt/bridge/log,|{"type":"devices","message":[{"ieeeAddr":"0x00178801043e07fb","type":"Router","model":"9290012573A","friendly_name":"0x00178801043e07fb"},{"ieeeAddr":"0x00178801040c9476","type":"Router","model":"9290012573A","friendly_name":"0x00178801040c9476"}]}|
2019-04-06 12:38:16,SmartHome/zigbee2mqtt/bridge/config/permit_join,true
2019-04-06 12:38:16,SmartHome/zigbee2mqtt/bridge/config,|{"log_level":"info","permit_join":true}|
2019-04-06 12:38:55,SmartHome/zigbee2mqtt/bridge/state,online
2019-04-06 12:38:55,SmartHome/zigbee2mqtt/bridge/config,|{"log_level":"info","permit_join":true}|
2019-04-06 12:38:57,SmartHome/zigbee2mqtt/bridge/config/devices,
2019-04-06 12:38:57,SmartHome/zigbee2mqtt/bridge/log,|{"type":"devices","message":[{"ieeeAddr":"0x00178801043e07fb","type":"Router","model":"9290012573A","friendly_name":"0x00178801043e07fb"},{"ieeeAddr":"0x00178801040c9476","type":"Router","model":"9290012573A","friendly_name":"0x00178801040c9476"}]}|
2019-04-06 12:39:55,SmartHome/zigbee2mqtt/bridge/state,online
2019-04-06 12:39:55,SmartHome/zigbee2mqtt/bridge/config,|{"log_level":"info","permit_join":true}|
2019-04-06 12:39:58,SmartHome/zigbee2mqtt/bridge/config/devices,
2019-04-06 12:39:58,SmartHome/zigbee2mqtt/bridge/log,|{"type":"devices","message":[{"ieeeAddr":"0x00178801043e07fb","type":"Router","model":"9290012573A","friendly_name":"0x00178801043e07fb"},{"ieeeAddr":"0x00178801040c9476","type":"Router","model":"9290012573A","friendly_name":"0x00178801040c9476"}]}|
2019-04-06 12:40:29,SmartHome/zigbee2mqtt/bridge/state,online
2019-04-06 12:40:29,SmartHome/zigbee2mqtt/bridge/config,|{"log_level":"info","permit_join":true}|
2019-04-06 12:40:31,SmartHome/zigbee2mqtt/bridge/config/permit_join,true
2019-04-06 12:40:31,SmartHome/zigbee2mqtt/bridge/config,|{"log_level":"info","permit_join":true}|
2019-04-06 12:40:32,SmartHome/zigbee2mqtt/bridge/config/devices,
2019-04-06 12:40:32,SmartHome/zigbee2mqtt/bridge/log,|{"type":"devices","message":[{"ieeeAddr":"0x00178801043e07fb","type":"Router","model":"9290012573A","friendly_name":"0x00178801043e07fb"},{"ieeeAddr":"0x00178801040c9476","type":"Router","model":"9290012573A","friendly_name":"0x00178801040c9476"}]}|
2019-04-06 12:41:23,SmartHome/zigbee2mqtt/bridge/state,online
2019-04-06 12:41:23,SmartHome/zigbee2mqtt/bridge/config,|{"log_level":"info","permit_join":true}|
2019-04-06 12:41:24,SmartHome/zigbee2mqtt/bridge/config/permit_join,true
2019-04-06 12:41:24,SmartHome/zigbee2mqtt/bridge/config,|{"log_level":"info","permit_join":true}|
2019-04-06 12:41:25,SmartHome/zigbee2mqtt/bridge/config/devices,
2019-04-06 12:41:25,SmartHome/zigbee2mqtt/bridge/log,|{"type":"devices","message":[{"ieeeAddr":"0x00178801043e07fb","type":"Router","model":"9290012573A","friendly_name":"0x00178801043e07fb"},{"ieeeAddr":"0x00178801040c9476","type":"Router","model":"9290012573A","friendly_name":"0x00178801040c9476"}]}|
2019-04-06 12:41:28,SmartHome/zigbee2mqtt/bridge/config/permit_join,true
2019-04-06 12:41:28,SmartHome/zigbee2mqtt/bridge/config,|{"log_level":"info","permit_join":true}|
2019-04-06 12:42:04,SmartHome/zigbee2mqtt/bridge/state,online
2019-04-06 12:42:04,SmartHome/zigbee2mqtt/bridge/config,|{"log_level":"info","permit_join":true}|
2019-04-06 12:42:05,SmartHome/zigbee2mqtt/bridge/config/devices,
2019-04-06 12:42:05,SmartHome/zigbee2mqtt/bridge/log,|{"type":"devices","message":[{"ieeeAddr":"0x00178801043e07fb","type":"Router","model":"9290012573A","friendly_name":"0x00178801043e07fb"},{"ieeeAddr":"0x00178801040c9476","type":"Router","model":"9290012573A","friendly_name":"0x00178801040c9476"}]}|
2019-04-06 12:42:07,SmartHome/zigbee2mqtt/bridge/config/permit_join,true
2019-04-06 12:42:08,SmartHome/zigbee2mqtt/bridge/config,|{"log_level":"info","permit_join":true}|
2019-04-06 12:43:14,SmartHome/zigbee2mqtt/bridge/state,online
2019-04-06 12:43:14,SmartHome/zigbee2mqtt/bridge/config,|{"log_level":"info","permit_join":true}|
2019-04-06 12:43:15,SmartHome/zigbee2mqtt/bridge/config/devices,
2019-04-06 12:43:15,SmartHome/zigbee2mqtt/bridge/log,|{"type":"devices","message":[{"ieeeAddr":"0x00178801043e07fb","type":"Router","model":"9290012573A","friendly_name":"0x00178801043e07fb"},{"ieeeAddr":"0x00178801040c9476","type":"Router","model":"9290012573A","friendly_name":"0x00178801040c9476"}]}|
2019-04-06 12:43:18,SmartHome/zigbee2mqtt/bridge/config/permit_join,true
2019-04-06 12:43:18,SmartHome/zigbee2mqtt/bridge/config,|{"log_level":"info","permit_join":true}|
2019-04-06 12:44:55,SmartHome/zigbee2mqtt/bridge/state,online
2019-04-06 12:44:55,SmartHome/zigbee2mqtt/bridge/config,|{"log_level":"info","permit_join":true}|
2019-04-06 12:44:56,SmartHome/zigbee2mqtt/bridge/config/devices,
2019-04-06 12:44:56,SmartHome/zigbee2mqtt/bridge/log,|{"type":"devices","message":[{"ieeeAddr":"0x00178801043e07fb","type":"Router","model":"9290012573A","friendly_name":"0x00178801043e07fb"},{"ieeeAddr":"0x00178801040c9476","type":"Router","model":"9290012573A","friendly_name":"0x00178801040c9476"}]}|
2019-04-06 12:46:12,SmartHome/zigbee2mqtt/bridge/state,online
2019-04-06 12:46:12,SmartHome/zigbee2mqtt/bridge/config,|{"log_level":"info","permit_join":true}|
2019-04-06 12:46:12,SmartHome/zigbee2mqtt/bridge/config,|{"log_level":"info","permit_join":true}|
2019-04-06 12:46:13,SmartHome/zigbee2mqtt/bridge/config/devices,
2019-04-06 12:46:13,SmartHome/zigbee2mqtt/bridge/log,|{"type":"devices","message":[{"ieeeAddr":"0x00178801043e07fb","type":"Router","model":"9290012573A","friendly_name":"0x00178801043e07fb"},{"ieeeAddr":"0x00178801040c9476","type":"Router","model":"9290012573A","friendly_name":"0x00178801040c9476"}]}|
2019-04-06 12:46:15,SmartHome/zigbee2mqtt/bridge/config/permit_join,true
2019-04-06 12:46:15,SmartHome/zigbee2mqtt/bridge/config,|{"log_level":"info","permit_join":true}|
2019-04-06 12:47:08,SmartHome/zigbee2mqtt/bridge/state,online
2019-04-06 12:47:08,SmartHome/zigbee2mqtt/bridge/config,|{"log_level":"info","permit_join":true}|
2019-04-06 12:47:11,SmartHome/zigbee2mqtt/bridge/config/devices,
2019-04-06 12:47:11,SmartHome/zigbee2mqtt/bridge/log,|{"type":"devices","message":[{"ieeeAddr":"0x00178801043e07fb","type":"Router","model":"9290012573A","friendly_name":"0x00178801043e07fb"},{"ieeeAddr":"0x00178801040c9476","type":"Router","model":"9290012573A","friendly_name":"0x00178801040c9476"}]}|
2019-04-06 12:47:32,SmartHome/zigbee2mqtt/bridge/state,online
2019-04-06 12:47:32,SmartHome/zigbee2mqtt/bridge/config,|{"log_level":"info","permit_join":true}|
2019-04-06 12:47:32,SmartHome/zigbee2mqtt/bridge/config,|{"log_level":"info","permit_join":true}|
2019-04-06 12:47:33,SmartHome/zigbee2mqtt/bridge/config/devices,
2019-04-06 12:47:33,SmartHome/zigbee2mqtt/bridge/log,|{"type":"devices","message":[{"ieeeAddr":"0x00178801043e07fb","type":"Router","model":"9290012573A","friendly_name":"0x00178801043e07fb"},{"ieeeAddr":"0x00178801040c9476","type":"Router","model":"9290012573A","friendly_name":"0x00178801040c9476"}]}|
2019-04-06 12:47:35,SmartHome/zigbee2mqtt/bridge/config/permit_join,true
2019-04-06 12:47:36,SmartHome/zigbee2mqtt/bridge/config,|{"log_level":"info","permit_join":true}|
2019-04-06 12:48:33,SmartHome/zigbee2mqtt/bridge/state,online
2019-04-06 12:48:33,SmartHome/zigbee2mqtt/bridge/config,|{"log_level":"info","permit_join":true}|
2019-04-06 12:48:37,SmartHome/zigbee2mqtt/bridge/config/devices,
2019-04-06 12:48:37,SmartHome/zigbee2mqtt/bridge/log,|{"type":"devices","message":[{"ieeeAddr":"0x00178801043e07fb","type":"Router","model":"9290012573A","friendly_name":"0x00178801043e07fb"},{"ieeeAddr":"0x00178801040c9476","type":"Router","model":"9290012573A","friendly_name":"0x00178801040c9476"}]}|
2019-04-06 12:48:39,SmartHome/zigbee2mqtt/bridge/config/permit_join,true
2019-04-06 12:48:39,SmartHome/zigbee2mqtt/bridge/config,|{"log_level":"info","permit_join":true}|
2019-04-06 12:49:57,SmartHome/zigbee2mqtt/bridge/state,online
2019-04-06 12:49:57,SmartHome/zigbee2mqtt/bridge/config,|{"log_level":"info","permit_join":true}|
2019-04-06 12:49:58,SmartHome/zigbee2mqtt/bridge/config/devices,
2019-04-06 12:49:58,SmartHome/zigbee2mqtt/bridge/log,|{"type":"devices","message":[{"ieeeAddr":"0x00178801043e07fb","type":"Router","model":"9290012573A","friendly_name":"0x00178801043e07fb"},{"ieeeAddr":"0x00178801040c9476","type":"Router","model":"9290012573A","friendly_name":"0x00178801040c9476"}]}|
2019-04-06 12:50:01,SmartHome/zigbee2mqtt/bridge/config/permit_join,true
2019-04-06 12:50:01,SmartHome/zigbee2mqtt/bridge/config,|{"log_level":"info","permit_join":true}|
2019-04-06 12:56:27,SmartHome/zigbee2mqtt/bridge/state,online
2019-04-06 12:56:27,SmartHome/zigbee2mqtt/bridge/config,|{"log_level":"info","permit_join":true}|
2019-04-06 12:56:29,SmartHome/zigbee2mqtt/bridge/config/permit_join,true
2019-04-06 12:56:29,SmartHome/zigbee2mqtt/bridge/config,|{"log_level":"info","permit_join":true}|
2019-04-06 12:56:31,SmartHome/zigbee2mqtt/bridge/config/devices,
2019-04-06 12:56:31,SmartHome/zigbee2mqtt/bridge/log,|{"type":"devices","message":[{"ieeeAddr":"0x00178801043e07fb","type":"Router","model":"9290012573A","friendly_name":"0x00178801043e07fb"},{"ieeeAddr":"0x00178801040c9476","type":"Router","model":"9290012573A","friendly_name":"0x00178801040c9476"}]}|
2019-04-06 12:57:18,SmartHome/zigbee2mqtt/bridge/state,online
2019-04-06 12:57:18,SmartHome/zigbee2mqtt/bridge/config,|{"log_level":"info","permit_join":true}|
2019-04-06 12:57:19,SmartHome/zigbee2mqtt/bridge/config/permit_join,true
2019-04-06 12:57:19,SmartHome/zigbee2mqtt/bridge/config,|{"log_level":"info","permit_join":true}|
2019-04-06 12:57:21,SmartHome/zigbee2mqtt/bridge/config/devices,
2019-04-06 12:57:21,SmartHome/zigbee2mqtt/bridge/log,|{"type":"devices","message":[{"ieeeAddr":"0x00178801043e07fb","type":"Router","model":"9290012573A","friendly_name":"0x00178801043e07fb"},{"ieeeAddr":"0x00178801040c9476","type":"Router","model":"9290012573A","friendly_name":"0x00178801040c9476"}]}|
2019-04-06 12:58:32,SmartHome/zigbee2mqtt/bridge/state,online
2019-04-06 12:58:32,SmartHome/zigbee2mqtt/bridge/config,|{"log_level":"info","permit_join":true}|
2019-04-06 12:58:34,SmartHome/zigbee2mqtt/bridge/config/permit_join,true
2019-04-06 12:58:34,SmartHome/zigbee2mqtt/bridge/config,|{"log_level":"info","permit_join":true}|
2019-04-06 12:58:36,SmartHome/zigbee2mqtt/bridge/config/devices,
2019-04-06 12:58:36,SmartHome/zigbee2mqtt/bridge/log,|{"type":"devices","message":[{"ieeeAddr":"0x00178801043e07fb","type":"Router","model":"9290012573A","friendly_name":"0x00178801043e07fb"},{"ieeeAddr":"0x00178801040c9476","type":"Router","model":"9290012573A","friendly_name":"0x00178801040c9476"}]}|
2019-04-06 12:58:38,SmartHome/zigbee2mqtt/bridge/config/permit_join,true
2019-04-06 12:58:38,SmartHome/zigbee2mqtt/bridge/config,|{"log_level":"info","permit_join":true}|
2019-04-06 13:11:22,SmartHome/zigbee2mqtt/bridge/state,online
2019-04-06 13:11:22,SmartHome/zigbee2mqtt/bridge/config,|{"log_level":"info","permit_join":true}|
2019-04-06 13:11:24,SmartHome/zigbee2mqtt/bridge/config/permit_join,true
2019-04-06 13:11:24,SmartHome/zigbee2mqtt/bridge/config,|{"log_level":"info","permit_join":true}|
2019-04-06 13:11:48,SmartHome/zigbee2mqtt/bridge/state,online
2019-04-06 13:11:48,SmartHome/zigbee2mqtt/bridge/config,|{"log_level":"info","permit_join":true}|
2019-04-06 13:11:51,SmartHome/zigbee2mqtt/bridge/config/permit_join,true
2019-04-06 13:11:51,SmartHome/zigbee2mqtt/bridge/config,|{"log_level":"info","permit_join":true}|
2019-04-06 13:11:55,SmartHome/zigbee2mqtt/bridge/config/devices,|{"old": "0x00178801043e07fb", "new": "0x0017880"}|
2019-04-06 13:11:55,SmartHome/zigbee2mqtt/bridge/log,|{"type":"devices","message":[{"ieeeAddr":"0x00178801043e07fb","type":"Router","model":"9290012573A","friendly_name":"0x00178801043e07fb"},{"ieeeAddr":"0x00178801040c9476","type":"Router","model":"9290012573A","friendly_name":"0x00178801040c9476"}]}|
2019-04-06 13:11:55,SmartHome/zigbee2mqtt/bridge/config/permit_join,true
2019-04-06 13:11:55,SmartHome/zigbee2mqtt/bridge/config,|{"log_level":"info","permit_join":true}|
2019-04-06 13:11:58,SmartHome/zigbee2mqtt/bridge/config/devices,
2019-04-06 13:11:58,SmartHome/zigbee2mqtt/bridge/log,|{"type":"devices","message":[{"ieeeAddr":"0x00178801043e07fb","type":"Router","model":"9290012573A","friendly_name":"0x00178801043e07fb"},{"ieeeAddr":"0x00178801040c9476","type":"Router","model":"9290012573A","friendly_name":"0x00178801040c9476"}]}|
2019-04-06 13:12:00,SmartHome/zigbee2mqtt/bridge/config/permit_join,true
2019-04-06 13:12:00,SmartHome/zigbee2mqtt/bridge/config,|{"log_level":"info","permit_join":true}|
2019-04-06 13:12:03,SmartHome/zigbee2mqtt/bridge/config/devices,
2019-04-06 13:12:03,SmartHome/zigbee2mqtt/bridge/log,|{"type":"devices","message":[{"ieeeAddr":"0x00178801043e07fb","type":"Router","model":"9290012573A","friendly_name":"0x00178801043e07fb"},{"ieeeAddr":"0x00178801040c9476","type":"Router","model":"9290012573A","friendly_name":"0x00178801040c9476"}]}|
2019-04-06 13:12:05,SmartHome/zigbee2mqtt/bridge/config/permit_join,true
2019-04-06 13:12:05,SmartHome/zigbee2mqtt/bridge/config,|{"log_level":"info","permit_join":true}|
2019-04-06 13:13:33,SmartHome/zigbee2mqtt/bridge/state,online
2019-04-06 13:13:33,SmartHome/zigbee2mqtt/bridge/config,|{"log_level":"info","permit_join":true}|
2019-04-06 13:13:36,SmartHome/zigbee2mqtt/bridge/config/permit_join,true
2019-04-06 13:13:36,SmartHome/zigbee2mqtt/bridge/config,|{"log_level":"info","permit_join":true}|
2019-04-06 13:13:38,SmartHome/zigbee2mqtt/bridge/config/rename,|{"old": "0x0017880", "new": "0x0017880"}|
2019-04-06 13:13:38,SmartHome/zigbee2mqtt/bridge/config/permit_join,true
2019-04-06 13:13:38,SmartHome/zigbee2mqtt/bridge/config,|{"log_level":"info","permit_join":true}|
2019-04-06 13:13:53,SmartHome/zigbee2mqtt/bridge/config/devices,
2019-04-06 13:13:53,SmartHome/zigbee2mqtt/bridge/log,|{"type":"devices","message":[{"ieeeAddr":"0x00178801043e07fb","type":"Router","model":"9290012573A","friendly_name":"0x00178801043e07fb"},{"ieeeAddr":"0x00178801040c9476","type":"Router","model":"9290012573A","friendly_name":"0x00178801040c9476"}]}|
2019-04-06 13:13:55,SmartHome/zigbee2mqtt/bridge/config/permit_join,true
2019-04-06 13:13:55,SmartHome/zigbee2mqtt/bridge/config,|{"log_level":"info","permit_join":true}|
2019-04-06 13:14:12,SmartHome/zigbee2mqtt/bridge/config/rename,|{"old": "0x0017880", "new": "0x00178801043e07fb"}|
2019-04-06 13:14:12,SmartHome/zigbee2mqtt/bridge/config/permit_join,true
2019-04-06 13:14:12,SmartHome/zigbee2mqtt/bridge/config,|{"log_level":"info","permit_join":true}|
2019-04-06 13:14:17,SmartHome/zigbee2mqtt/bridge/config/rename,|{"old": "0x00178801043e07fb", "new": "0x00178801"}|
2019-04-06 13:14:17,SmartHome/zigbee2mqtt/bridge/log,|{"type":"device_renamed","message":{"from":"0x00178801043e07fb","to":"0x00178801"}}|
2019-04-06 13:14:17,SmartHome/zigbee2mqtt/bridge/config/permit_join,true
2019-04-06 13:14:18,SmartHome/zigbee2mqtt/bridge/config,|{"log_level":"info","permit_join":true}|
2019-04-06 13:14:31,SmartHome/zigbee2mqtt/bridge/config/devices,
2019-04-06 13:14:31,SmartHome/zigbee2mqtt/bridge/log,|{"type":"devices","message":[{"ieeeAddr":"0x00178801043e07fb","type":"Router","model":"9290012573A","friendly_name":"0x00178801"},{"ieeeAddr":"0x00178801040c9476","type":"Router","model":"9290012573A","friendly_name":"0x00178801040c9476"}]}|
2019-04-06 13:14:33,SmartHome/zigbee2mqtt/bridge/config/permit_join,true
2019-04-06 13:14:33,SmartHome/zigbee2mqtt/bridge/config,|{"log_level":"info","permit_join":true}|
2019-04-06 13:18:27,SmartHome/zigbee2mqtt/bridge/state,online
2019-04-06 13:18:27,SmartHome/zigbee2mqtt/bridge/config,|{"log_level":"info","permit_join":true}|
2019-04-06 13:18:32,SmartHome/zigbee2mqtt/bridge/config/permit_join,true
2019-04-06 13:18:32,SmartHome/zigbee2mqtt/bridge/config,|{"log_level":"info","permit_join":true}|
2019-04-06 13:20:57,SmartHome/zigbee2mqtt/bridge/state,online
2019-04-06 13:20:58,SmartHome/zigbee2mqtt/bridge/config,|{"log_level":"info","permit_join":true}|
2019-04-06 13:21:28,SmartHome/zigbee2mqtt/bridge/state,online
2019-04-06 13:21:28,SmartHome/zigbee2mqtt/bridge/config,|{"log_level":"info","permit_join":true}|
2019-04-06 13:21:28,SmartHome/zigbee2mqtt/bridge/config,|{"log_level":"info","permit_join":true}|
2019-04-06 13:21:30,SmartHome/zigbee2mqtt/bridge/config/devices,
2019-04-06 13:21:30,SmartHome/zigbee2mqtt/bridge/log,|{"type":"devices","message":[{"ieeeAddr":"0x00178801043e07fb","type":"Router","model":"9290012573A","friendly_name":"0x00178801"},{"ieeeAddr":"0x00178801040c9476","type":"Router","model":"9290012573A","friendly_name":"0x00178801040c9476"}]}|
2019-04-06 13:21:33,SmartHome/zigbee2mqtt/bridge/config/permit_join,true
2019-04-06 13:21:33,SmartHome/zigbee2mqtt/bridge/config,|{"log_level":"info","permit_join":true}|
2019-04-06 13:21:36,SmartHome/zigbee2mqtt/bridge/config/remove,0x00178801
2019-04-06 13:21:36,SmartHome/zigbee2mqtt/bridge/config/permit_join,true
2019-04-06 13:21:36,SmartHome/zigbee2mqtt/bridge/config,|{"log_level":"info","permit_join":true}|
2019-04-06 13:21:37,SmartHome/zigbee2mqtt/bridge/log,|{"type":"device_removed","message":"0x00178801"}|
2019-04-06 13:21:43,SmartHome/zigbee2mqtt/bridge/config/devices,
2019-04-06 13:21:43,SmartHome/zigbee2mqtt/bridge/log,|{"type":"devices","message":[{"ieeeAddr":"0x00178801040c9476","type":"Router","model":"9290012573A","friendly_name":"0x00178801040c9476"}]}|
2019-04-06 13:21:45,SmartHome/zigbee2mqtt/bridge/config/permit_join,true
2019-04-06 13:21:45,SmartHome/zigbee2mqtt/bridge/config,|{"log_level":"info","permit_join":true}|
2019-04-06 13:22:01,SmartHome/zigbee2mqtt/bridge/log,|{"type":"device_connected","message":"0x00178801043e07fb","meta":{}}|
2019-04-06 13:22:05,SmartHome/zigbee2mqtt/bridge/log,|{"type":"pairing","message":"device incoming"}|
2019-04-06 13:22:58,SmartHome/zigbee2mqtt/bridge/state,online
2019-04-06 13:22:58,SmartHome/zigbee2mqtt/bridge/config,|{"log_level":"info","permit_join":true}|
2019-04-06 13:29:46,SmartHome/zigbee2mqtt/bridge/state,online
2019-04-06 13:29:46,SmartHome/zigbee2mqtt/bridge/config,|{"log_level":"info","permit_join":true}|
2019-04-06 13:29:48,SmartHome/zigbee2mqtt/bridge/config/permit_join,true
2019-04-06 13:29:48,SmartHome/zigbee2mqtt/bridge/config,|{"log_level":"info","permit_join":true}|
2019-04-06 13:29:51,SmartHome/zigbee2mqtt/bridge/config/devices,
2019-04-06 13:29:51,SmartHome/zigbee2mqtt/bridge/log,|{"type":"devices","message":[{"ieeeAddr":"0x00178801040c9476","type":"Router","model":"9290012573A","friendly_name":"0x00178801040c9476"},{"ieeeAddr":"0x00178801043e07fb","type":"Router","model":"9290012573A","friendly_name":"0x00178801043e07fb"}]}|
2019-04-06 13:29:54,SmartHome/zigbee2mqtt/bridge/config/permit_join,true
2019-04-06 13:29:54,SmartHome/zigbee2mqtt/bridge/config,|{"log_level":"info","permit_join":true}|
2019-04-06 13:30:00,SmartHome/zigbee2mqtt/bridge/config/permit_join,false
2019-04-06 13:30:00,SmartHome/zigbee2mqtt/bridge/config,|{"log_level":"info","permit_join":false}|
2019-04-06 13:30:10,SmartHome/zigbee2mqtt/bridge/config/permit_join,true
2019-04-06 13:30:10,SmartHome/zigbee2mqtt/bridge/config,|{"log_level":"info","permit_join":true}|
2019-04-06 13:30:17,SmartHome/zigbee2mqtt/bridge/config/remove,0x00178801043e07fb
2019-04-06 13:30:17,SmartHome/zigbee2mqtt/bridge/config/permit_join,true
2019-04-06 13:30:17,SmartHome/zigbee2mqtt/bridge/config,|{"log_level":"info","permit_join":true}|
2019-04-06 13:30:27,SmartHome/zigbee2mqtt/bridge/log,|{"type":"device_removed","message":"0x00178801043e07fb"}|
2019-04-06 13:32:27,SmartHome/zigbee2mqtt/bridge/config/permit_join,false
2019-04-06 13:32:27,SmartHome/zigbee2mqtt/bridge/config,|{"log_level":"info","permit_join":false}|
2019-04-06 13:34:14,SmartHome/zigbee2mqtt/bridge/config/devices,
2019-04-06 13:34:14,SmartHome/zigbee2mqtt/bridge/log,|{"type":"devices","message":[{"ieeeAddr":"0x00178801040c9476","type":"Router","model":"9290012573A","friendly_name":"0x00178801040c9476"}]}|
2019-04-06 13:34:16,SmartHome/zigbee2mqtt/bridge/config/permit_join,false
2019-04-06 13:34:16,SmartHome/zigbee2mqtt/bridge/config,|{"log_level":"info","permit_join":false}|
2019-04-06 13:37:51,SmartHome/zigbee2mqtt/bridge/state,online
2019-04-06 13:37:51,SmartHome/zigbee2mqtt/bridge/config,|{"log_level":"info","permit_join":false}|
2019-04-06 13:37:51,SmartHome/zigbee2mqtt/bridge/config/permit_join,false
2019-04-06 13:37:51,SmartHome/zigbee2mqtt/bridge/config,|{"log_level":"info","permit_join":false}|
2019-04-06 13:39:12,SmartHome/zigbee2mqtt/bridge/state,online
2019-04-06 13:39:12,SmartHome/zigbee2mqtt/bridge/config,|{"log_level":"info","permit_join":false}|
2019-04-06 13:39:12,SmartHome/zigbee2mqtt/bridge/config/permit_join,false
2019-04-06 13:39:12,SmartHome/zigbee2mqtt/bridge/config,|{"log_level":"info","permit_join":false}|
2019-04-06 13:39:25,SmartHome/zigbee2mqtt/bridge/config/permit_join,false
2019-04-06 13:39:25,SmartHome/zigbee2mqtt/bridge/config,|{"log_level":"info","permit_join":false}|
2019-04-06 13:39:29,SmartHome/zigbee2mqtt/bridge/config/devices,
2019-04-06 13:39:29,SmartHome/zigbee2mqtt/bridge/log,|{"type":"devices","message":[{"ieeeAddr":"0x00178801040c9476","type":"Router","model":"9290012573A","friendly_name":"0x00178801040c9476"}]}|
2019-04-06 13:39:31,SmartHome/zigbee2mqtt/bridge/config/permit_join,false
2019-04-06 13:39:31,SmartHome/zigbee2mqtt/bridge/config,|{"log_level":"info","permit_join":false}|
2019-04-06 13:41:41,SmartHome/zigbee2mqtt/bridge/state,online
2019-04-06 13:41:41,SmartHome/zigbee2mqtt/bridge/config,|{"log_level":"info","permit_join":false}|
2019-04-06 13:41:41,SmartHome/zigbee2mqtt/bridge/config/permit_join,false
2019-04-06 13:41:41,SmartHome/zigbee2mqtt/bridge/config,|{"log_level":"info","permit_join":false}|
2019-04-06 13:41:46,SmartHome/zigbee2mqtt/bridge/config/devices,
2019-04-06 13:41:46,SmartHome/zigbee2mqtt/bridge/log,|{"type":"devices","message":[{"ieeeAddr":"0x00178801040c9476","type":"Router","model":"9290012573A","friendly_name":"0x00178801040c9476"}]}|
2019-04-06 13:41:46,SmartHome/zigbee2mqtt/bridge/config/permit_join,false
2019-04-06 13:41:46,SmartHome/zigbee2mqtt/bridge/config,|{"log_level":"info","permit_join":false}|
2019-04-06 13:41:49,SmartHome/zigbee2mqtt/bridge/config/devices,
2019-04-06 13:41:49,SmartHome/zigbee2mqtt/bridge/log,|{"type":"devices","message":[{"ieeeAddr":"0x00178801040c9476","type":"Router","model":"9290012573A","friendly_name":"0x00178801040c9476"}]}|
2019-04-06 13:41:49,SmartHome/zigbee2mqtt/bridge/config/devices,
2019-04-06 13:41:49,SmartHome/zigbee2mqtt/bridge/log,|{"type":"devices","message":[{"ieeeAddr":"0x00178801040c9476","type":"Router","model":"9290012573A","friendly_name":"0x00178801040c9476"}]}|
2019-04-06 13:41:51,SmartHome/zigbee2mqtt/bridge/config/permit_join,false
2019-04-06 13:41:51,SmartHome/zigbee2mqtt/bridge/config,|{"log_level":"info","permit_join":false}|
2019-04-06 13:43:08,SmartHome/zigbee2mqtt/bridge/state,online
2019-04-06 13:43:08,SmartHome/zigbee2mqtt/bridge/config,|{"log_level":"info","permit_join":false}|
2019-04-06 13:43:11,SmartHome/zigbee2mqtt/bridge/config/permit_join,false
2019-04-06 13:43:11,SmartHome/zigbee2mqtt/bridge/config,|{"log_level":"info","permit_join":false}|
2019-04-06 13:43:18,SmartHome/zigbee2mqtt/bridge/config/devices,
2019-04-06 13:43:18,SmartHome/zigbee2mqtt/bridge/log,|{"type":"devices","message":[{"ieeeAddr":"0x00178801040c9476","type":"Router","model":"9290012573A","friendly_name":"0x00178801040c9476"}]}|
2019-04-06 13:43:18,SmartHome/zigbee2mqtt/bridge/config/permit_join,false
2019-04-06 13:43:18,SmartHome/zigbee2mqtt/bridge/config,|{"log_level":"info","permit_join":false}|
2019-04-06 13:43:20,SmartHome/zigbee2mqtt/bridge/config/devices,
2019-04-06 13:43:20,SmartHome/zigbee2mqtt/bridge/log,|{"type":"devices","message":[{"ieeeAddr":"0x00178801040c9476","type":"Router","model":"9290012573A","friendly_name":"0x00178801040c9476"}]}|
2019-04-06 13:43:20,SmartHome/zigbee2mqtt/bridge/config/devices,
2019-04-06 13:43:20,SmartHome/zigbee2mqtt/bridge/log,|{"type":"devices","message":[{"ieeeAddr":"0x00178801040c9476","type":"Router","model":"9290012573A","friendly_name":"0x00178801040c9476"}]}|
2019-04-06 13:43:22,SmartHome/zigbee2mqtt/bridge/config/permit_join,false
2019-04-06 13:43:23,SmartHome/zigbee2mqtt/bridge/config,|{"log_level":"info","permit_join":false}|
2019-04-06 13:43:46,SmartHome/zigbee2mqtt/bridge/log,|{"type":"device_connected","message":"0x00178801043e07fb","meta":{}}|
2019-04-06 13:43:46,SmartHome/zigbee2mqtt/0x00178801043e07fb,|{"state":"ON","linkquality":44}|
2019-04-06 13:43:47,SmartHome/zigbee2mqtt/0x00178801043e07fb,|{"state":"ON","linkquality":52,"brightness":254}|
2019-04-06 13:43:47,SmartHome/zigbee2mqtt/0x00178801043e07fb,|{"state":"ON","linkquality":47,"brightness":254,"color":{"x":0.457,"y":0.41,"saturation":55.1}}|
2019-04-06 13:43:47,SmartHome/zigbee2mqtt/0x00178801043e07fb,|{"state":"ON","linkquality":42,"brightness":254,"color":{"x":0.457,"y":0.41,"saturation":55.1},"color_temp":366,"color_mode":2}|
2019-04-06 13:43:50,SmartHome/zigbee2mqtt/bridge/log,|{"type":"pairing","message":"device incoming"}|
2019-04-06 13:43:54,SmartHome/zigbee2mqtt/0x00178801040c9476,|{"state":"ON","linkquality":26,"color":{"x":0.457,"y":0.41,"saturation":55.1},"color_temp":366,"color_mode":2}|
2019-04-06 13:43:54,SmartHome/zigbee2mqtt/0x00178801040c9476,|{"state":"ON","linkquality":26,"color":{"x":0.457,"y":0.41,"saturation":55.1},"color_temp":366,"color_mode":2,"brightness":254}|
2019-04-06 13:43:54,SmartHome/zigbee2mqtt/0x00178801040c9476,|{"state":"ON","linkquality":26,"color":{"x":0.457,"y":0.41,"saturation":55.1},"color_temp":366,"color_mode":2,"brightness":254}|
2019-04-06 13:43:55,SmartHome/zigbee2mqtt/0x00178801040c9476,|{"state":"ON","linkquality":26,"color":{"x":0.457,"y":0.41,"saturation":55.1},"color_temp":366,"color_mode":2,"brightness":254}|
2019-04-06 13:43:55,SmartHome/zigbee2mqtt/0x00178801040c9476,|{"state":"ON","linkquality":26,"color":{"x":0.457,"y":0.41,"saturation":55.1},"color_temp":366,"color_mode":2,"brightness":254}|
2019-04-06 13:43:55,SmartHome/zigbee2mqtt/0x00178801040c9476,|{"state":"ON","linkquality":23,"color":{"x":0.457,"y":0.41,"saturation":55.1},"color_temp":366,"color_mode":2,"brightness":254}|
2019-04-06 13:43:55,SmartHome/zigbee2mqtt/0x00178801040c9476,|{"state":"ON","linkquality":23,"color":{"x":0.457,"y":0.41,"saturation":55.1},"color_temp":366,"color_mode":2,"brightness":254}|
2019-04-06 13:43:57,SmartHome/zigbee2mqtt/0x00178801040c9476,|{"state":"ON","linkquality":23,"color":{"x":0.457,"y":0.41,"saturation":55.1,"hue":46.2},"color_temp":366,"color_mode":2,"brightness":254}|
2019-04-06 13:43:57,SmartHome/zigbee2mqtt/0x00178801040c9476,|{"state":"ON","linkquality":23,"color":{"x":0.457,"y":0.41,"saturation":55.1,"hue":46.2},"color_temp":366,"color_mode":2,"brightness":254}|
2019-04-06 13:43:57,SmartHome/zigbee2mqtt/bridge/config/devices,
2019-04-06 13:43:57,SmartHome/zigbee2mqtt/bridge/log,|{"type":"devices","message":[{"ieeeAddr":"0x00178801040c9476","type":"Router","model":"9290012573A","friendly_name":"0x00178801040c9476"},{"ieeeAddr":"0x00178801043e07fb","type":"Router","model":"9290012573A","friendly_name":"0x00178801043e07fb"}]}|
2019-04-06 13:43:57,SmartHome/zigbee2mqtt/bridge/config/devices,
2019-04-06 13:43:57,SmartHome/zigbee2mqtt/bridge/log,|{"type":"devices","message":[{"ieeeAddr":"0x00178801040c9476","type":"Router","model":"9290012573A","friendly_name":"0x00178801040c9476"},{"ieeeAddr":"0x00178801043e07fb","type":"Router","model":"9290012573A","friendly_name":"0x00178801043e07fb"}]}|
2019-04-06 13:43:59,SmartHome/zigbee2mqtt/bridge/config/permit_join,false
2019-04-06 13:43:59,SmartHome/zigbee2mqtt/bridge/config,|{"log_level":"info","permit_join":false}|
2019-04-06 13:44:07,SmartHome/zigbee2mqtt/bridge/config/devices,
2019-04-06 13:44:07,SmartHome/zigbee2mqtt/bridge/log,|{"type":"devices","message":[{"ieeeAddr":"0x00178801040c9476","type":"Router","model":"9290012573A","friendly_name":"0x00178801040c9476"},{"ieeeAddr":"0x00178801043e07fb","type":"Router","model":"9290012573A","friendly_name":"0x00178801043e07fb"}]}|
2019-04-06 13:44:07,SmartHome/zigbee2mqtt/bridge/config/rename,|{"old": "0x00178801040c9476", "new": "0x00178801040c9476"}|
2019-04-06 13:44:07,SmartHome/zigbee2mqtt/bridge/log,|{"type":"device_renamed","message":{"from":"0x00178801040c9476","to":"0x00178801040c9476"}}|
2019-04-06 13:44:07,SmartHome/zigbee2mqtt/bridge/config/permit_join,false
2019-04-06 13:44:07,SmartHome/zigbee2mqtt/bridge/config,|{"log_level":"info","permit_join":false}|
2019-04-06 13:44:17,SmartHome/zigbee2mqtt/bridge/log,|{"type":"pairing","message":"device incoming"}|
